firstname;lastname;email;phonenumber1;phonenumber2;comment
Karlee;Sawtelle;Karlee.Sawtelle@gmail.com;588686255;114006272;pmqgaNDvOAkOv
Danny;Cristi;Danny.Cristi@gmail.com;452643685;281049280;mGfdgstPUod
Deane;Damarra;Deane.Damarra@gmail.com;193468531;926093968;LksBFBsG
Steffane;Kinnard;Steffane.Kinnard@gmail.com;498638197;902004788;OGskMSOPpWWw
Deedee;Ricarda;Deedee.Ricarda@gmail.com;749708214;254096663;YzIpEYzN pGAZiPBjr
Marinna;Munn;Marinna.Munn@gmail.com;167200550;57423860;EknDV aPYUmj
Nyssa;Wenda;Nyssa.Wenda@gmail.com;155141563;954042934;Jy gPPIGMIr
Amalie;Telfer;Amalie.Telfer@gmail.com;27735036;15426639;gkPpXfDTOVuq
Madelle;Gale;Madelle.Gale@gmail.com;228167448;839769180;xXgqAukmO
Madalyn;Forrer;Madalyn.Forrer@gmail.com;369803318;93574036;HxmHytLhhVhziJroOnB
Sidoney;Ovid;Sidoney.Ovid@gmail.com;978104764;970682995;hXoLWX YUkdshP
Halette;Gamaliel;Halette.Gamaliel@gmail.com;588386962;35997468; fBrEDKBhPIwih
Sharai;Colp;Sharai.Colp@gmail.com;388033051;459221979;voVBkKGsUg
Sophia;Han;Sophia.Han@gmail.com;166116894;114661682;xDECbgDPx Tfi
Hettie;Center;Hettie.Center@gmail.com;567177288;264325936;ECtoAhTVVTGYIfo
Deedee;Gombach;Deedee.Gombach@gmail.com;302407770;382950535;RKpXPzFH
Eve;Ariella;Eve.Ariella@gmail.com;254917047;221118235;zWvyyz UWD
Lisette;Curren;Lisette.Curren@gmail.com;816524833;640624367;aGpglkMbF TLlVBHCB
Kore;Bethany;Kore.Bethany@gmail.com;376785177;469064995;RQSzzYYMzeHT
Nataline;Harned;Nataline.Harned@gmail.com;300983392;740303259;YMEZEyYRbmE
Daphne;Cassius;Daphne.Cassius@gmail.com;948702058;292048960;hzaPrcYGIgqiKeq
Dagmar;Dom;Dagmar.Dom@gmail.com;398633926;179135082;ejaThLhHXVYoJPUCy
Kathi;Firmin;Kathi.Firmin@gmail.com;299357374;936142807;YNgdNfzRtDZJnQDj
Phylis;Toor;Phylis.Toor@gmail.com;267104684;748528055;BsOmmnzwhZHQ
Zsa Zsa;Santoro;Zsa Zsa.Santoro@gmail.com;303458106;471031826;UGNsZGiqWF
Ada;Burnside;Ada.Burnside@gmail.com;207324190;835271155;OPuoOrzzNjbBsR N
Tatiania;Susannah;Tatiania.Susannah@gmail.com;791087679;816103455;WUzcKUjhGVraMC
Mignon;Turne;Mignon.Turne@gmail.com;261835273;55451935;HtDsMTCFgOFNlRKAAdF 
Elka;Ezar;Elka.Ezar@gmail.com;381305139;824601798;lvqtmQSn
Averyl;Aldric;Averyl.Aldric@gmail.com;726285669;502345359;wATjuPIOccRhp
Zaria;Cottle;Zaria.Cottle@gmail.com;635408157;747008830;qXMYYghRMhoVY
Catharine;Chobot;Catharine.Chobot@gmail.com;759188088;831623154;yGlaHMvBbHGRWs
Emmey;Gunn;Emmey.Gunn@gmail.com;827682965;35702765;GFZTUulMPoQ
Demetris;Phaidra;Demetris.Phaidra@gmail.com;327031980;736568084;fWnhIXJ
Peri;Wooster;Peri.Wooster@gmail.com;99564143;284675670;XnZYvdtEqrU
Lucille;Adalbert;Lucille.Adalbert@gmail.com;683510528;156514976;aoosiZlPtSlXC
Devina;Seumas;Devina.Seumas@gmail.com;841451719;698776348;rPIsFDcxUgVtDPl
Cristabel;Bury;Cristabel.Bury@gmail.com;954712400;384743413;QqEQ RgMDDWLhJqRRqd
Evaleen;Markman;Evaleen.Markman@gmail.com;321990990;312445719;zPmuDntdsCbCeDdGWCui
Doralynne;Revkah;Doralynne.Revkah@gmail.com;149561202;978522995;SLfTdIgNZtbsW
Joelly;Mallon;Joelly.Mallon@gmail.com;12552346;68223784;EMCH bfUNOtnYY
Ivett;Thad;Ivett.Thad@gmail.com;434997281;336927229;CgJmxmcUCjamCb IBHX
Peri;Cecile;Peri.Cecile@gmail.com;603036443;187435645;kDPCrihPTKVhsI
Shel;Roche;Shel.Roche@gmail.com;737143177;577634726;qQk yqsb wtNServu
Viviene;Briney;Viviene.Briney@gmail.com;822190863;951482763;JDCaBDzJzf
Damaris;Suanne;Damaris.Suanne@gmail.com;305275563;290922686;UepjdWJBUUpDDVKkJ
Tonia;Burnside;Tonia.Burnside@gmail.com;705694860;979147879;StUOYkxsLajmlADvKX
Maurene;Jacqui;Maurene.Jacqui@gmail.com;687668812;572510323;QHbMDE
Kathi;Drus;Kathi.Drus@gmail.com;61489595;614011779;bbkQnwZgajgn knU
Carree;Ummersen;Carree.Ummersen@gmail.com;624703801;250590408;tSttzYHgHvlPHtqAudkj
Robbi;Emmy;Robbi.Emmy@gmail.com;406186534;689053121;TNPqTVm
Carmela;Stover;Carmela.Stover@gmail.com;572105742;644199023;ZQuQfvOALzgbXlUNSgNm
Silvana;Shama;Silvana.Shama@gmail.com;3372802;443617226;rGnoxhpsWTnXEAAVzNU 
Elbertina;Sothena;Elbertina.Sothena@gmail.com;600737796;386041649;mdmmGsCMTgAp
Lizzie;Chaing;Lizzie.Chaing@gmail.com;63754017;346144199;yTyUmAfv
Ira;Bevin;Ira.Bevin@gmail.com;14972410;245652739;uRpKDEujJd
Kerrin;Riordan;Kerrin.Riordan@gmail.com;382461599;567480261;REJwxnsQpxhem
Linzy;Loeb;Linzy.Loeb@gmail.com;161063389;346062286;spWpxczthrAn
Dulce;Serilda;Dulce.Serilda@gmail.com;257607824;700896927;MbNesKSX
Joleen;Edison;Joleen.Edison@gmail.com;356699144;889104743;HjHfIBhWwZkUB
Debee;Cullin;Debee.Cullin@gmail.com;418407597;647953471;pYINyPx
Tani;Seligman;Tani.Seligman@gmail.com;714529603;27040510;xGHAqFvBkqTCfObKgmJf
Krystle;Sandye;Krystle.Sandye@gmail.com;38491001;433008863;ruZdwtgmQPLgVZtxAs
Nonnah;Payson;Nonnah.Payson@gmail.com;581656346;49175270;iUrjEIalPQqkGzTzHW
Courtnay;Bollay;Courtnay.Bollay@gmail.com;586684954;472713382;UOzLXnTtjjQQGfOkQ
Mignon;Kinnard;Mignon.Kinnard@gmail.com;277641391;240565639;YxpfqKFIPkAvMr
Olwen;Clywd;Olwen.Clywd@gmail.com;944581761;751123192;YkterwtEwwPkPOPnC
Celestyna;Harday;Celestyna.Harday@gmail.com;961574694;142842375;HliLLxnMI
Keelia;Poll;Keelia.Poll@gmail.com;471118858;922551001;DROrq hMHidc
Randa;Romelda;Randa.Romelda@gmail.com;22191864;898598397;WlPBvMyYHhS
Orelia;Masao;Orelia.Masao@gmail.com;261105286;308356421;TauZmvUfLcco
Tonia;Kathie;Tonia.Kathie@gmail.com;199254012;44479871;xdFpni
Carmela;Catie;Carmela.Catie@gmail.com;270086697;954575319;jZW sXKAnBzQz
Daphne;Brieta;Daphne.Brieta@gmail.com;198373924;972645576;cCvMLGJlZdqSas
Nita;Ferrell;Nita.Ferrell@gmail.com;159057504;667766857;eWNBviWwgTdZfpseqz
Maye;Kamaria;Maye.Kamaria@gmail.com;713947725;898488424;jwcQjQbcbBEEqA
Krystle;Georgy;Krystle.Georgy@gmail.com;437090764;882002719;E zCr tCMqcPTB KDN
Beverley;Holbrook;Beverley.Holbrook@gmail.com;59827652;287546858;oxTcFXuZBipf
Thalia;Raul;Thalia.Raul@gmail.com;607314108;529748393;aOTAtwMTZxQshtNK
Tera;Ralfston;Tera.Ralfston@gmail.com;295578810;258632517;RxyvZyiWTvHz
Celestyna;Poll;Celestyna.Poll@gmail.com;977535690;904586674;kdcNBhiugMGfOswHpis
Brynna;Kylander;Brynna.Kylander@gmail.com;798042888;712087925;ivDvTINbhWyCdY
Sue;Naashom;Sue.Naashom@gmail.com;367204255;700250320;IAafKGbkV
Britni;Tarrant;Britni.Tarrant@gmail.com;292220464;351740224;HXFJUMDitKga oRI
Wanda;Pearse;Wanda.Pearse@gmail.com;836777529;708949605;wHYcYCHAvwzyCjUs
Amii;Ambrosia;Amii.Ambrosia@gmail.com;506734950;743411475;IWwoSjDQiLCqpoYISfV
Tamqrah;Sinegold;Tamqrah.Sinegold@gmail.com;185474516;787339620;WQHvFvVLUo
Lorenza;Milde;Lorenza.Milde@gmail.com;865369062;259305337;uGTZGssdsczLUwSPTR
Andeee;Strephon;Andeee.Strephon@gmail.com;175710652;322957187;TRdJnESIIBemXVfvjaO
Jasmina;Thornburg;Jasmina.Thornburg@gmail.com;544983542;100964582;DxvkLYSPycJlCd
Yvonne;Madaih;Yvonne.Madaih@gmail.com;819170161;587548186;CBknZv YUZhnRDysbtv
Carilyn;Alarise;Carilyn.Alarise@gmail.com;422951723;629075709;vealsvG AKmXqHm
Wendi;Schonfeld;Wendi.Schonfeld@gmail.com;619240189;393812775;yFwfqviePgMAnV
Berget;Ovid;Berget.Ovid@gmail.com;400773346;270312518;YzXROtyUKWjVC
Gratia;Harned;Gratia.Harned@gmail.com;61052971;578505096;NIjpDGO
Tybie;Timon;Tybie.Timon@gmail.com;905911381;451365619;BMmehe WXyPksOZ
Aimil;Ferino;Aimil.Ferino@gmail.com;999720333;533968206;fYHVCPjEAHfIm
Kirstin;Blake;Kirstin.Blake@gmail.com;469487227;269359567;fMhPsSTFbvFmennPrJq
Jere;Honoria;Jere.Honoria@gmail.com;514843380;848716480;AQleILFNmPeAGiTYcTN
Frieda;Velick;Frieda.Velick@gmail.com;376728384;349665267;UfexDaOBDtACrJuL
Elyssa;Kosey;Elyssa.Kosey@gmail.com;878235763;323777674;GHvNSP YmQTqHF
Odessa;Hylan;Odessa.Hylan@gmail.com;472624428;8338707;BDhcIjobwWpoik NTts
Jennica;Glovsky;Jennica.Glovsky@gmail.com;962673966;849671638;RVyWpIiyJYz zI
Lelah;Evangelia;Lelah.Evangelia@gmail.com;577874548;941557273;MmwnZTDKBewwCAvKH
Catrina;Stanwood;Catrina.Stanwood@gmail.com;152895883;119568738;yUEYfJvNOBeGyH
Leia;O'Rourke;Leia.O'Rourke@gmail.com;483747414;33379610;PbdFFfxBlsXe WrXxhW
Binny;Maryanne;Binny.Maryanne@gmail.com;432968236;678993095;dJqBFfDTZWxLUEFT
Raf;Alrich;Raf.Alrich@gmail.com;949633308;355524930;qrjfLJQjlwHSsysh
Letizia;Johnsson;Letizia.Johnsson@gmail.com;821407234;950725995;TXcwrqUvkXpACsdw
Heddie;Cath;Heddie.Cath@gmail.com;149721032;482314396;FSg tvA
Debee;Ferrell;Debee.Ferrell@gmail.com;23375;426608314;PtoamJxEN
Jinny;Chem;Jinny.Chem@gmail.com;960643906;728668571;NDPRsk
Amii;Gabrielli;Amii.Gabrielli@gmail.com;268394551;710779552;BccOKEY
Dari;Kaete;Dari.Kaete@gmail.com;551869724;572630010;OqoBkLmUneA
Rani;Hoenack;Rani.Hoenack@gmail.com;214343319;656491094;ukAiPhCuNqXRfY
Kassey;Letsou;Kassey.Letsou@gmail.com;91422744;874376011;nrzHAhIpKewUnZhEx
Correy;Neva;Correy.Neva@gmail.com;994153557;146544662;QlMjYBzPuQfm
Lynnea;Deegan;Lynnea.Deegan@gmail.com;125950007;838853118;WWsXbZFzDwxIyLECYF
Jacquetta;Maxi;Jacquetta.Maxi@gmail.com;96848500;217839925;XwloCiYxgECrfwoHPvK
Chickie;Pelagias;Chickie.Pelagias@gmail.com;604985631;343009784;U jDAZBSJHLxEOAOT
Kirbee;Madaih;Kirbee.Madaih@gmail.com;332340735;442518059;ibeBQcSnfuNHPQq
Emylee;Hubert;Emylee.Hubert@gmail.com;231653471;105978801;KvRRkyS
Priscilla;Bari;Priscilla.Bari@gmail.com;650745823;520210107;FntkgAKEziOOQSjujP
Cristine;Kimmie;Cristine.Kimmie@gmail.com;919819901;255527713;IPTWLeYEVFmCK
Dagmar;Nadia;Dagmar.Nadia@gmail.com;857842202;183435359;rpf ZqMvveTESp
Eve;Justinn;Eve.Justinn@gmail.com;715508626;643437731;hcStqoJSuVx
Elka;Ranjiv;Elka.Ranjiv@gmail.com;127268963;345481736;cI wNyEw
Josephine;Kolnick;Josephine.Kolnick@gmail.com;468791360;730210329;hGesZofssGrsfoprbd
Dania;Philipp;Dania.Philipp@gmail.com;91400107;641014746;XSlhSbyDPMQRmD
Catharine;Paine;Catharine.Paine@gmail.com;440393597;54501173;FjJnndRDkuLLtOsjCV
Fanny;Edmund;Fanny.Edmund@gmail.com;331057804;603364162;kxDJO PltVHXiTQ
Gwenneth;Konyn;Gwenneth.Konyn@gmail.com;330634605;759057389;AKmgbwpwmM DN
Roberta;Delacourt;Roberta.Delacourt@gmail.com;272516953;69442304;ZamCw YbGJRchgoDSlS
Tersina;Madelene;Karlee.Sawtelle@gmail.com;916095676;715886280;svVcfEzFyVgkgyXOOh
Dorothy;Constancy;Dorothy.Constancy@gmail.com;995237794;630314488;tbeJJWayoZcUghqcDlB
Susette;Fairweather;Susette.Fairweather@gmail.com;94780122;24554027;PrmWUS
Kaia;Garbe;Kaia.Garbe@gmail.com;216367748;424611769;oZkJyX
Zsa Zsa;Syd;Zsa Zsa.Syd@gmail.com;421210447;827812150;RiEHLKSFKFhxaWOz
Myrtice;Riordan;Myrtice.Riordan@gmail.com;851832178;433887280;dDAaHOxufU PdUS
Frances;Hashim;Frances.Hashim@gmail.com;595369028;210831741;zOFoUUHUQeIxuF
Carol-Jean;Roche;Carol-Jean.Roche@gmail.com;917518697;240988358;hPUhsolu MOsVqZFYHm
Dennie;Chaing;Dennie.Chaing@gmail.com;817375192;819932753;mSGWVhGQb
Anica;Ophelia;Anica.Ophelia@gmail.com;404346826;715998773;YdDDEUzRCnmd O
Esmeralda;Oscar;Esmeralda.Oscar@gmail.com;856610567;28070516;YlDkBdzh nM
Shell;Ethban;Shell.Ethban@gmail.com;347847062;259787708;XDmgkAOrBAnT
Nadine;Peti;Nadine.Peti@gmail.com;221011521;699297870;lfAMpGXTCajmZ
Jere;Jotham;Jere.Jotham@gmail.com;978376319;569701862;bLrmbxqDQZtbF
Sidoney;Mullane;Sidoney.Mullane@gmail.com;850784103;364909879;IJXGbAskzYLGWhouBU
Sara-Ann;Lia;Sara-Ann.Lia@gmail.com;794388201;928621743;CPJFWarBL
Ottilie;Matthew;Ottilie.Matthew@gmail.com;673507312;28818770;fZNShsoTJOkRbtfUgvH
Madalyn;Zamora;Madalyn.Zamora@gmail.com;869526272;485814257; NoFRHOSAza
Karolina;Horan;Karolina.Horan@gmail.com;365489022;911086638;fDKSgTeCeJ
Mary;Joeann;Mary.Joeann@gmail.com;589368189;505070723;m RguUxPxV 
Cherrita;Zetta;Cherrita.Zetta@gmail.com;46442002;885326298;chMDudyGjqZv
Averyl;Verger;Averyl.Verger@gmail.com;579297760;502312746;RXdSOPqlilCoYgFQj
Belva;Tamsky;Belva.Tamsky@gmail.com;217674682;747171116;wYCYVQNN
Tera;Sekofski;Tera.Sekofski@gmail.com;988269576;178081682;YKpPQstrrFqsNEz
Georgetta;Secrest;Georgetta.Secrest@gmail.com;459623642;197761058;qLVnSZRUlwDvDJ
Amalie;Saree;Amalie.Saree@gmail.com;985765737;859145545;nXbvQBLGeAQeGdFNW
Nariko;Concha;Nariko.Concha@gmail.com;901784707;410258682;QlZxteNaIYpmnpZuS
Tabbatha;Arne;Tabbatha.Arne@gmail.com;147032635;12746157;SS sRGotPZuFOrLzQgIj
Nollie;Eldrid;Nollie.Eldrid@gmail.com;731683281;28888334;iJ ApoNGz
Bobinette;Adalbert;Bobinette.Adalbert@gmail.com;104652895;110407425;TCAANDjhYWc
Berget;Marcellus;Berget.Marcellus@gmail.com;915038009;225361915;knJMoQmcNfS
Mellicent;Eachern;Mellicent.Eachern@gmail.com;883822992;166944484; Ou jVoG b oCR
Sue;Jenness;Sue.Jenness@gmail.com;18055;841218910;TiGkPgxtYK HWOXPsyyY
Claresta;Emmy;Claresta.Emmy@gmail.com;576569472;438063823;bGWMUPcXqA
Larine;Shaver;Larine.Shaver@gmail.com;950846570;337985677;cHiKbiSTWTNNUKFEZ
Perry;Argus;Perry.Argus@gmail.com;893262622;147814722;DNlwghQ L
Cordi;Shuler;Cordi.Shuler@gmail.com;993970035;526936906;nGap eCecegu
Karolina;Thilda;Karolina.Thilda@gmail.com;26160075;143172105;JPpUQbEndxtkpc
Lanna;Barrus;Lanna.Barrus@gmail.com;534840146;676310840;qWRjmFFuYQhro
Helena;Georgy;Helena.Georgy@gmail.com;454467624;514319799;QhIyile vGNi
Edee;Pacorro;Edee.Pacorro@gmail.com;107269015;309284918;llquoJp
Ulrike;Publia;Ulrike.Publia@gmail.com;624265712;918624162;ssVxwLpMgS
Margette;Poppy;Margette.Poppy@gmail.com;890500507;47643339;EulGyLTXpGBjId
Korrie;Dudley;Korrie.Dudley@gmail.com;423111865;168077389;BFSULBlk
Elvira;Irmine;Elvira.Irmine@gmail.com;374530185;162552354;dSUxWShBRTclEDuXgh
Mary;Lea;Mary.Lea@gmail.com;685078693;874516910;PDztePjqQmwZkABCih
Robinia;Merriott;Robinia.Merriott@gmail.com;918373677;761590249;jstkel
Luci;Santoro;Luci.Santoro@gmail.com;923335602;677658820;tlcTFVYttUrZn
Cherilyn;Rebecka;Cherilyn.Rebecka@gmail.com;769308017;322279944;ZLlBHfDPIvYxqIO
Chrystel;Kaja;Chrystel.Kaja@gmail.com;78720790;646858505;boEveWPaUOifzYj
Sue;Moina;Sue.Moina@gmail.com;951820775;767669728;NehLDqNLrWG
Tressa;Merna;Tressa.Merna@gmail.com;231761451;92192398;eoGBOVkHRA
Rochette;Milde;Rochette.Milde@gmail.com;849325531;898882719;PupAGmhgwnP
Binny;Japeth;Binny.Japeth@gmail.com;857852028;642643498;wsfFRrTT
Celisse;Uird;Celisse.Uird@gmail.com;375773561;646846348;wZwmVXrknZG
Fidelia;Doig;Fidelia.Doig@gmail.com;904379102;412145910;jaquCzmSxF
Nannie;Giule;Nannie.Giule@gmail.com;752099802;298802601;sqblWyPPhrrjJhbTFjs
Aurelie;Othilia;Aurelie.Othilia@gmail.com;848309393;134941768;ImjKHcu
Yvonne;Dosia;Yvonne.Dosia@gmail.com;631432743;961816753;rvnWZeVBaOmprN
Lynde;Odysseus;Lynde.Odysseus@gmail.com;314582191;272128939;FFGywHcYolGVeNg
Odessa;Kannry;Odessa.Kannry@gmail.com;77256073;803585178;sQewHJLt 
Maurene;Nore;Maurene.Nore@gmail.com;586659182;780891861;XYfjlMhTOQNX
Elyssa;Ehrman;Elyssa.Ehrman@gmail.com;410737715;961890908;ZPvGzgkuGqCPKD 
Nannie;Laverne;Nannie.Laverne@gmail.com;690239183;772982026;CnG ylZdyqrWL
Lynde;Vilma;Lynde.Vilma@gmail.com;917629652;825188672;ZwGaVQwhdJcmVJoq
Ethel;Eugenia;Ethel.Eugenia@gmail.com;78993316;483350026;fPTCKGxRxztXGzO
Roseline;Allare;Roseline.Allare@gmail.com;644744316;598301339;HuqtS A
Karolina;Louanna;Karolina.Louanna@gmail.com;837174015;404550579;KIiEfFhOZvVHvn
Zaria;Fadiman;Zaria.Fadiman@gmail.com;688685805;33495995;MHRAiqQB 
Addia;Clywd;Addia.Clywd@gmail.com;82558361;699100352;EuTHjDy
Goldie;Teryn;Goldie.Teryn@gmail.com;957008698;844922614;mIvyTcqxIEBWxYtS
Micheline;Poppy;Micheline.Poppy@gmail.com;199887979;53570714;K xgdGEM
Annecorinne;Emerson;Annecorinne.Emerson@gmail.com;179980042;277591010;ksIKioxiodKFT mZk
Bobinette;Trinetta;Bobinette.Trinetta@gmail.com;643370715;81840328;yRxdGwwKNHhTEG
Belinda;Gahl;Belinda.Gahl@gmail.com;610307743;61485005;MrNEtTotfRXNbORB
Ana;Gavrila;Ana.Gavrila@gmail.com;650089413;654099454;FiDaxsBhupUuGQIuqR
Deirdre;Corrine;Carmela.Catie@gmail.com;191226716;64155232;exNqe gcTMEJ zb
Alyda;Anton;Alyda.Anton@gmail.com;521723333;276649857;HCZk zq
Diena;Travax;Diena.Travax@gmail.com;142023685;97878619;bGM EDk
Willetta;Prouty;Willetta.Prouty@gmail.com;975114820;703962997;GaIzwhjKILb pLJQs
Merle;Nelsen;Merle.Nelsen@gmail.com;668271986;350845536;XfCZtkXYcloafU HMBIF
Genevra;Pattin;Genevra.Pattin@gmail.com;707968474;927580598;lFttbxcDTAKQYYuirIch
Cissiee;Ashely;Cissiee.Ashely@gmail.com;377380655;930256307;hhWgNPBvNifry
Sybille;Kazimir;Sybille.Kazimir@gmail.com;862566770;338565369;RyUXdMGmeWLJntsQuFt
Winifred;Ezar;Winifred.Ezar@gmail.com;360409682;397578726;cLHkvvyywYOdXGK
Olwen;Friede;Olwen.Friede@gmail.com;680673506;237355363;DKDU RskrWLSC
Robinia;Rubie;Robinia.Rubie@gmail.com;968724563;597279901;g AgzPwzYQxWcp
Dede;Ochs;Dede.Ochs@gmail.com;454568304;655287979;EOqZiKEinO
Shirlee;Darrell;Shirlee.Darrell@gmail.com;913186853;710046383;uvx ecVFQMm
Frances;Mitzi;Frances.Mitzi@gmail.com;965188713;289398078;kPeJAPGThEjFcBGeVX
Aurore;Screens;Aurore.Screens@gmail.com;263210427;371544262;tKsJXDHggoUqE
Daryl;Faria;Daryl.Faria@gmail.com;402367337;120751;zCcP vFcZtzinfnP
Minda;Hashim;Minda.Hashim@gmail.com;381166130;872825242;TEopvcGXvK rvctg
Daryl;Ax;Daryl.Ax@gmail.com;460181515;856445659;AnsEXiDcaOIOB
Monika;Amethist;Monika.Amethist@gmail.com;667603591;752449072;KdgEZSdLNVGaLi
Danika;Clara;Danika.Clara@gmail.com;353664178;396137884;WQtRFlzXCYMWpUbu
Chloris;Deegan;Chloris.Deegan@gmail.com;710662581;977453555;ZcCcCoswc
Elyssa;Buckler;Elyssa.Buckler@gmail.com;945059337;582174269;bqgMoFESkVFGg
Ingrid;Catie;Ingrid.Catie@gmail.com;77920807;650340070;xQyryIExehA 
Jenda;Aida;Jenda.Aida@gmail.com;213175300;741928231;ltj DjeDITodi
Addia;Caitlin;Addia.Caitlin@gmail.com;37488175;648776137;CwecFZvU
Corry;Grimbly;Corry.Grimbly@gmail.com;936018849;997979631;OWNmIAPzjAIxTT
Sashenka;Nance;Sashenka.Nance@gmail.com;571343207;380386606;LCrRobLgucXa
Roseline;Lucienne;Roseline.Lucienne@gmail.com;635162760;566169616;jyAKZGwObzVMSlACW
Oralee;Clie;Oralee.Clie@gmail.com;268783543;854326484;kOmayhWCpvcSxpZ
Bill;Ellord;Bill.Ellord@gmail.com;598742340;971870492;UJTHOs  uhbEwoU
Kathy;Stanwood;Kathy.Stanwood@gmail.com;291926967;587410099;vTnEjlboX
Gerrie;Zitvaa;Gerrie.Zitvaa@gmail.com;97994905;282867071;mQVuJH
Raquela;Laverne;Raquela.Laverne@gmail.com;841487874;303355177;RTuLNzTTLKMHBJYlK
Fredericka;Monk;Fredericka.Monk@gmail.com;727683134;390013753;IhwKSDREHNsISG
Ernesta;Hanshaw;Ernesta.Hanshaw@gmail.com;658865678;639922175;RFXsbqwiGeK
Elie;Thornburg;Elie.Thornburg@gmail.com;975487982;874692589;kPulQScyK
Evita;Paton;Evita.Paton@gmail.com;71010588;720330240;nEPcJeM
Lelah;Silvan;Lelah.Silvan@gmail.com;948623176;806345412;NyRkFN DTVL
Rivalee;Boehike;Rivalee.Boehike@gmail.com;720403733;579428895;fvcgEskGsjAlESEgYN
Gale;Vacuva;Gale.Vacuva@gmail.com;905830592;284021848;xfJckKekQvEtNlkE
Bobbi;Terrence;Bobbi.Terrence@gmail.com;883929403;29758058;SdQBtpPf
Ursulina;Breed;Ursulina.Breed@gmail.com;712051077;610121641;slSrgVdsVgAaFbdJuql
Daryl;Timon;Daryl.Timon@gmail.com;448477198;295571377;v YbeTKycIOBXy
Chloris;Jorgan;Chloris.Jorgan@gmail.com;623958589;354009379;XaRDCTzBar hQitRblhf
Nannie;Yuille;Nannie.Yuille@gmail.com;875406123;11332284;ww NzsCKVi
Elbertina;Daegal;Elbertina.Daegal@gmail.com;566478076;76699050;xQMxWveLRGOlanG
Alleen;Odysseus;Alleen.Odysseus@gmail.com;678244973;229705896;JOPwTtAu y
Fredericka;Nerita;Fredericka.Nerita@gmail.com;530423079;510009498;nUEvhPA
Mary;Uund;Mary.Uund@gmail.com;598858487;327158534;MeSihHvNu BoO
Madeleine;Cadmar;Madeleine.Cadmar@gmail.com;319024235;885750324;nAEJsHDmlrTZBF dKRi
Randa;Chinua;Randa.Chinua@gmail.com;168617889;168800043;S SruSnQby aWLy
Sharlene;Astra;Sharlene.Astra@gmail.com;818774974;950166626;adOHngtfCirE
Meg;Gunn;Meg.Gunn@gmail.com;685925275;727946698;rAphTRYqgynYsK
Estell;Brodench;Estell.Brodench@gmail.com;146927493;367822467;EprGjdZxTdMtaIv
Rosene;Winthorpe;Rosene.Winthorpe@gmail.com;741966739;360187246;mjddvVPjY
Joeann;Kosey;Joeann.Kosey@gmail.com;238338880;137458963;hvjKRDUBrpHLfUF
Claudina;Pauly;Claudina.Pauly@gmail.com;303322088;267770459;EGTFyllIULR
Sharlene;Japeth;Sharlene.Japeth@gmail.com;474352034;703531144;AFywfWJm qwGMkD
Ida;Poll;Ida.Poll@gmail.com;546604554;388462805;GFKYXogzxHllODHnBIG
Nikki;Nickola;Nikki.Nickola@gmail.com;662825633;435286038;WHmtGpc CLsuCD
Cristabel;Stelle;Cristabel.Stelle@gmail.com;597425964;104673039;XUKnwIh
Kirstin;Joseph;Kirstin.Joseph@gmail.com;827051498;23112443;CmuWHVoG
Gabriellia;Harday;Gabriellia.Harday@gmail.com;415691118;943099605;fMCkVlVXKYiF
Heddie;Jobi;Heddie.Jobi@gmail.com;645241945;824703863;oYDvKUM oiwhVrlSeiF
Hallie;Terrence;Hallie.Terrence@gmail.com;133613679;314323785;PAaZSVzMYgbSCpwvais
Kaja;Celestine;Kaja.Celestine@gmail.com;658976900;214352149;nkdCvDhnYo
Lusa;Allys;Lusa.Allys@gmail.com;557724933;521732435;bAgASOfCLrtCVITrj
Randa;Carleen;Randa.Carleen@gmail.com;718653330;533915939;IKkFfeSrUtSgXRZiM
Oona;Reneta;Oona.Reneta@gmail.com;568925569;711637275;cDqZFSlzxryXc
Diena;Stelle;Diena.Stelle@gmail.com;806375090;427466987;zTphvwEN
Chickie;Raama;Chickie.Raama@gmail.com;540339161;113420853;zHncafsrVOQrRS
Barbi;Belanger;Barbi.Belanger@gmail.com;867225165;237269272;ZJwnsZu
Ginnie;Astra;Ginnie.Astra@gmail.com;226845121;17412647;NHKWnTCvOJkBd X
Alex;Brenn;Alex.Brenn@gmail.com;989885250;377048865;CiuKIyx
Elbertina;Sawtelle;Elbertina.Sawtelle@gmail.com;820039581;479455945;fwZmmA
Arlena;Macey;Arlena.Macey@gmail.com;820597848;327132423;nqHgGo
Mellicent;Anselmi;Mellicent.Anselmi@gmail.com;632281653;327347227;fMBmnpJmgakBNnCMi
Joceline;Marden;Joceline.Marden@gmail.com;721572477;257293819;hAStdOTXOTPLxTDwj
Gaylene;Bultman;Gaylene.Bultman@gmail.com;849882863;417111270;MwbQMPbKUWQueIbT
Joy;Chabot;Joy.Chabot@gmail.com;983118351;905169912; IdmVGSEhK
Juliane;Andrel;Juliane.Andrel@gmail.com;439301275;596770574;docHfDvrKQkZVbA
Aigneis;Westphal;Aigneis.Westphal@gmail.com;408139639;122040401;SnYDuzSqjGykIooTs
Almeta;Shanley;Almeta.Shanley@gmail.com;575795138;455983239;aZHxnf KAE
Amara;Diann;Amara.Diann@gmail.com;280307840;35787308;BXCJXG
Corina;Borrell;Corina.Borrell@gmail.com;446044134;729086802;tspFzPqaCRLGUpa
Teriann;Loleta;Teriann.Loleta@gmail.com;323204548;877333683;fbuApQH
Philis;Kunin;Philis.Kunin@gmail.com;39829725;560581215;endXJgOlnW
Jan;Slifka;Jan.Slifka@gmail.com;601796058;824038864;Jm CfOfZerzxSbr
Tressa;Adalbert;Tressa.Adalbert@gmail.com;510055160;723162002;qSpngbtToblhzR
Shel;Othilia;Shel.Othilia@gmail.com;79649722;713260543;tScKcDAAbOhje CGUCv
Valli;Shuler;Valli.Shuler@gmail.com;937969500;385548884;LpzeKLkdoghS
Mignon;Vastah;Mignon.Vastah@gmail.com;51314442;439073031;TZbROHoDeyLRoUrxRy
Madalyn;Nea;Madalyn.Nea@gmail.com;385001848;737949373;nernvKyX
Teriann;Croix;Teriann.Croix@gmail.com;184455812;373885254;hvm CKqa
Maurene;Blase;Maurene.Blase@gmail.com;993968072;916760701;BrkYA V
Gui;Maribeth;Gui.Maribeth@gmail.com;238130193;211694330;jkWIBqB
Ekaterina;Sidonius;Ekaterina.Sidonius@gmail.com;839299473;545255094;DcZNDqTjUngL T
Kial;Randene;Kial.Randene@gmail.com;528273928;916615958;ESsSMzDLxsk
Fidelia;Joachim;Fidelia.Joachim@gmail.com;752946206;356872492;bFwBVdiXp bGUtcKTnN
Edyth;Goldina;Edyth.Goldina@gmail.com;832483008;573954971;kOwodsORcXyK
Fina;Linehan;Fina.Linehan@gmail.com;984776655;406709418;aDKgSiUvxoKdvBXZks
Alleen;Karylin;Alleen.Karylin@gmail.com;448334942;411819384;AgKHAZwbjcbkbYnGHdk
Catrina;Munn;Catrina.Munn@gmail.com;460097071;170971607;oMYiElmiWEZ mh
Maud;O'Neill;Maud.O'Neill@gmail.com;983412974;317281355;oXUTFmHVTwfeKn wSuD
Julieta;Giff;Julieta.Giff@gmail.com;155275317;459912582;mnxSgvEn
Kalina;Norrie;Kalina.Norrie@gmail.com;468672474;904532753;kHoRUspZwKfG
Aryn;Stav;Aryn.Stav@gmail.com;635268605;665066138;VytQsXk
Eve;Peti;Eve.Peti@gmail.com;509126053;868726246;we JrYEIgq KXkwd
Concettina;Haymes;Concettina.Haymes@gmail.com;838820254;513692428; LvJHtwmjqUYdG
Ivett;Soneson;Ivett.Soneson@gmail.com;725443105;56486262;azWxjqUzQBfHKMvkkST
Jessamyn;Faro;Jessamyn.Faro@gmail.com;342580809;3631442;kaAyuEyCEgCK
Kayla;Roscoe;Kayla.Roscoe@gmail.com;29622858;335828429;wcbawhTxkupCWDTgK
Maye;Edison;Maye.Edison@gmail.com;256459311;897916331;wiZeNZjL
Consuela;Ovid;Consuela.Ovid@gmail.com;223687987;190963492;eCxVLCVxFQQG
Nelle;Odell;Nelle.Odell@gmail.com;951741535;10100937;CVCjZekcndI
Jacenta;Pacorro;Jacenta.Pacorro@gmail.com;797096127;99800081;PGKZwOEQHqxrqPNwVyiq
Gabriellia;Lea;Gabriellia.Lea@gmail.com;92062721;102663802;doVaaFypsKZI
Shandie;Halla;Shandie.Halla@gmail.com;967425429;640727264;pJlkHFICSK
Dale;Corrine;Dale.Corrine@gmail.com;791820691;929454502;mCrcOenCLvEhTW
Alameda;Lesley;Alameda.Lesley@gmail.com;208659838;219643620;yKJDqZ
Sean;Skurnik;Sean.Skurnik@gmail.com;955311528;242507768;ZHuTNrZqTcuBcFpjCiAA
Estell;Sadowski;Estell.Sadowski@gmail.com;291984635;903798889;brNiXZCMzs XxzAFwHLK
Devina;Daniele;Devina.Daniele@gmail.com;870859967;779406551;skgvHq
Aubrie;Dyche;Aubrie.Dyche@gmail.com;178170310;919038014;UTR HmH
Lusa;Garlinda;Lusa.Garlinda@gmail.com;154189297;355879997;LnGZkgi eZCaIKroVP
Aigneis;Vharat;Aigneis.Vharat@gmail.com;392447846;98293880;waqbyT
Renie;Konyn;Renie.Konyn@gmail.com;819959358;716694074;JKCxbZtbWcxNODkYURu
Kimmy;Faria;Kimmy.Faria@gmail.com;477244746;44961915;BwfcIkizdnuH
Jemie;Linskey;Jemie.Linskey@gmail.com;42701455;184005005;KqwcALf
Sandie;Maisey;Sandie.Maisey@gmail.com;332314177;159267062;vp RKidKviQ
Cissiee;Ahab;Cissiee.Ahab@gmail.com;375447188;517882166;rziNzvdvCpuQQ
Tressa;Vale;Tressa.Vale@gmail.com;735659066;74088879;xBRRTeEjRZSBgJJb
Sharlene;Dimitris;Sharlene.Dimitris@gmail.com;171742519;954747159;ZjFuzrLbkZjJzT
Vonny;Herrera;Vonny.Herrera@gmail.com;393851308;482979856;XirzXo
Sharlene;Virgin;Sharlene.Virgin@gmail.com;494743348;407607068;DVvqAMT bsEAkqNLNxcf
Vita;Michella;Vita.Michella@gmail.com;601199977;813309731;VvW ogVhVbtID
Britte;Shields;Britte.Shields@gmail.com;555542940;461742655;ifETdVW FkHKIswnia
Abbie;Havens;Abbie.Havens@gmail.com;969495659;542730287;AKKAdtVQkHIomBT
Jessy;Firmin;Jessy.Firmin@gmail.com;503745660;133362382;ntsBNX CUrAYmZW
Johna;McCutcheon;Johna.McCutcheon@gmail.com;128740557;349951958;QgTMsqKAO
Joy;Genna;Joy.Genna@gmail.com;648071793;555182287;TkZCHtIHOlqpqzEhKiFo
Pierette;Saree;Pierette.Saree@gmail.com;65117254;338485815;zsWEbeo
Gertrud;Bultman;Gertrud.Bultman@gmail.com;215528032;900012714;cAFRwicMAlYuqvxowlir
Kylynn;Kussell;Kylynn.Kussell@gmail.com;365996277;216357734;GXteWkmpjgAYdrpu
Marjie;Fancie;Marjie.Fancie@gmail.com;306248395;994642802;HpsnehWFC
Tersina;Kauppi;Tersina.Kauppi@gmail.com;604897684;153642159;gPUxUFKLPYCtvrSDMRj
Debee;Ramona;Debee.Ramona@gmail.com;587437717;248345237;bUhKaCF
Grier;Abram;Grier.Abram@gmail.com;76120842;572843292;sIDSMByypUhj
Emma;Kress;Emma.Kress@gmail.com;479628277;556190439;piPeXArgBTEJddmWT
Myriam;Kat;Myriam.Kat@gmail.com;125717584;752207366;vWNjTRjtYW
Aryn;Iaverne;Aryn.Iaverne@gmail.com;239723150;767025710;lYk SK
Zondra;Decato;Zondra.Decato@gmail.com;347186864;207289621;cFDYteRtXACKAxRVwtLt
Florencia;Alva;Florencia.Alva@gmail.com;156399931;46365799;vquXKRJhqSnoTvt
Ermengarde;Rocray;Ermengarde.Rocray@gmail.com;938266111;196728;uSjIKKvZBTUmEW
Harmonia;Emanuel;Harmonia.Emanuel@gmail.com;592003084;890793252;fFbqYr pCVWS
Lisette;Aurelio;Lisette.Aurelio@gmail.com;406349254;579161470;nOvhNePJV uVfcIVy
Paulita;Rheingold;Paulita.Rheingold@gmail.com;322876426;93389342;JOyvpLguYWiQmUo
Joelly;Saunderson;Joelly.Saunderson@gmail.com;262621394;532893761;IzXZaC
Chickie;Roche;Chickie.Roche@gmail.com;959391113;709711830;qYsrUQtHOSnZoybcy
Mildrid;Macey;Mildrid.Macey@gmail.com;388068212;130371485;cyFVnb ztoIpBK
Sheree;Jerold;Sheree.Jerold@gmail.com;609231336;998950641;LQRYZp
Karena;Stanwood;Karena.Stanwood@gmail.com;679452168;203614078;LbJMWdhLGrl
Carmencita;Han;Carmencita.Han@gmail.com;806609142;540251597; nTQUtSxLKQEqFAwfZMc
Meg;Ricki;Meg.Ricki@gmail.com;524178479;250207005;MhiDQHhKHZijkD
Hannis;Newell;Hannis.Newell@gmail.com;890586078;798123414;sUuimtastTFatMgKJD
Goldie;Arquit;Goldie.Arquit@gmail.com;3094627;178141608; zsQmxQB
Mildrid;Herrera;Mildrid.Herrera@gmail.com;348457533;461366099;irrNGr
Judy;Orelee;Judy.Orelee@gmail.com;217356483;110033986;sEUDprcJVgAtwFQFCL
Dagmar;Bonucci;Dagmar.Bonucci@gmail.com;839567945;921121084;bjSNyBjwTQlhSRrDvXM
Verla;Gahl;Verla.Gahl@gmail.com;401375776;675424218;ASYhSklOMGPXxkIyl
Frieda;Oneida;Frieda.Oneida@gmail.com;891933649;170375934;q KAVPLgJZEgjDc
Albertina;Ricarda;Albertina.Ricarda@gmail.com;265601164;462113358;eGOMaZUWvZdTLZV
Dawn;Winthorpe;Dawn.Winthorpe@gmail.com;680571801;973881554;YGBSzScMDlvitr
Corina;Carleen;Corina.Carleen@gmail.com;912053084;58519567;gCdZVdaTCwv WTnuT
Jany;Merell;Jany.Merell@gmail.com;101450353;107335026;RZgN HagTbXwkC
Dari;Clarissa;Dari.Clarissa@gmail.com;343176947;810807055;zeSFSYtOgOOluSrJqW
Kristina;Flita;Kristina.Flita@gmail.com;744938570;858030865;nosYndA
Violet;Morgun;Violet.Morgun@gmail.com;154503358;92557156; qSWUNXouqCpdW
Korrie;Maxi;Korrie.Maxi@gmail.com;768811227;913916532;pAzENqPHBWp IlfBUE
Britni;Ade;Britni.Ade@gmail.com;935451049;661778471;CCvmEjaIvEcNjNs
Sheelagh;Anderea;Sheelagh.Anderea@gmail.com;6053639;332027056;aRvGOjxbxQYaXDzY
Marylou;Ellord;Marylou.Ellord@gmail.com;445382434;15265363;YXqXHDfEghoTkF
Sarette;Vary;Sarette.Vary@gmail.com;63365387;343234880;tnFqCw
Brietta;Hazlett;Brietta.Hazlett@gmail.com;651314297;196459551; Yk SSeMpAwdAzsnXgef
Selma;Rad;Selma.Rad@gmail.com;85913759;445092006;vGrKbhRdUTBfrLekCXTJ
Juliane;Pillsbury;Juliane.Pillsbury@gmail.com;398670652;218433620;ljeAAPlmMNkoCD kzSDM
Jobi;Edmund;Jobi.Edmund@gmail.com;386183512;778565223;iiLSGDsnZ
Jenilee;Ellerey;Jenilee.Ellerey@gmail.com;983371895;37187087;sVfMZsRPwwJZSsBZ
Paulita;Terrence;Paulita.Terrence@gmail.com;471376225;9161244;ZDxIxoZFpPTAHLXSEEg
Carly;Creamer;Carly.Creamer@gmail.com;688535507;806216374;CmMNgbxcP IHzxUIkHaM
Katleen;Simmonds;Katleen.Simmonds@gmail.com;405235293;114739948;eoSBleaSTqJinNgmS
Marika;Cottle;Marika.Cottle@gmail.com;909494830;426029662;lKmbbdRjtbarVl qms
Tiffie;Leonard;Tiffie.Leonard@gmail.com;234202666;513619365;IEeCCIBNbPyLv
Mady;Thad;Mady.Thad@gmail.com;801956590;846892081;PLaGxLtfCrft
Florencia;Bennie;Florencia.Bennie@gmail.com;153738900;537574364;RNUDPcmHxLnkIh
Alex;Sholley;Alex.Sholley@gmail.com;908646272;183887385;xMznkv
Binny;Persse;Binny.Persse@gmail.com;984541144;218511351;KhrKaCeUfTGbSyk yN
Ilse;Granoff;Ilse.Granoff@gmail.com;18052050;786239099;a CgA qn
Paule;Alva;Paule.Alva@gmail.com;881873852;903700923;iSKnvPDFIUkglHas
Asia;Japeth;Asia.Japeth@gmail.com;617969267;957390634;fYWHiOder
Gianina;Nelsen;Gianina.Nelsen@gmail.com;397582140;918586616;dVuLgMZldEXJLJOWk
Deane;Ricki;Deane.Ricki@gmail.com;217575567;308832216;xuIfzkMfabJMdD
Christian;Aprile;Christian.Aprile@gmail.com;195154968;975919714;qm DNFh
Danny;Gamaliel;Danny.Gamaliel@gmail.com;293627301;522307298;UJPxyNufBibnASG
Sue;Hurley;Sue.Hurley@gmail.com;768130351;105645195;hIDGnZzoWOJgSGkcd 
Willetta;Zina;Willetta.Zina@gmail.com;791138615;232323289;GKMtEDmJAIgzw
Cam;Toffic;Cam.Toffic@gmail.com;695356587;777126354;EqbIFRQFO A
Concettina;Bartlett;Concettina.Bartlett@gmail.com;29648899;800917284;LNmExcpaw
Ottilie;Thilda;Ottilie.Thilda@gmail.com;307800104;705644795;TpQmUXaWg
Anallese;Margret;Anallese.Margret@gmail.com;131573122;111721796;eIhteWSeFI Pa
Shel;Bow;Shel.Bow@gmail.com;504439789;7980556;bpTWdYQYhsKGzccZ
Roz;Malina;Roz.Malina@gmail.com;545271136;79085676;sXKrIVQolodrEBnNNPi
Hannis;Manolo;Hannis.Manolo@gmail.com;61444358;683232256;SwcIcFh
Winifred;Publia;Winifred.Publia@gmail.com;66609612;584381099;OkkZcRXwsCqMQ
Lenna;Wilona;Lenna.Wilona@gmail.com;419875107;50556498;ijRwCMl idRjtBRXmqlr
Regina;Goerke;Regina.Goerke@gmail.com;383976758;434449925;UsIhDkJphcuP
Kelly;Yorick;Kelly.Yorick@gmail.com;62124969;650452123;C QlqWtuwsAEiYW X
Karlee;Sacken;Karlee.Sacken@gmail.com;534694622;866360586;GfymhUkJxCZrJHSE
Allyce;Rebecka;Allyce.Rebecka@gmail.com;963949886;293294339;IOkqlvtWPnz
Kenna;Joseph;Kenna.Joseph@gmail.com;980566317;727303221;ibMVsj 
Elmira;Westphal;Elmira.Westphal@gmail.com;554625561;809465610;CdsrlxsBjXW
Millie;Rebecka;Millie.Rebecka@gmail.com;261269470;929924512;VnAJccICkiaKHWuWI
Ericka;Bivins;Ericka.Bivins@gmail.com;31366585;248176851;qazAgksxgnVwrBubgQ
Christian;Elephus;Christian.Elephus@gmail.com;728447218;573159394;nEbEKyAsRrTyYibwg
Priscilla;Rillings;Priscilla.Rillings@gmail.com;100885121;318642281;efVcOsv
Vere;Kirbee;Vere.Kirbee@gmail.com;732231758;396578513;CVFPedIsqI
Janenna;Durante;Janenna.Durante@gmail.com;437591590;991684428;axdcNlAKrgJyxis
Dacia;Fleeta;Dacia.Fleeta@gmail.com;6730334;690504702;WlyJHrbTjpT
Kary;Kalinda;Kary.Kalinda@gmail.com;43655982;179353689;IlWdZ pjOVVUrxyNz
Barbi;Dimitris;Barbi.Dimitris@gmail.com;991784816;364137540;ChkuXsJsjkUzU
Korrie;Blisse;Korrie.Blisse@gmail.com;883702146;444751949;pRRgGYZpZBuvbAB
Norine;Alejoa;Norine.Alejoa@gmail.com;124209055;353339348;VI xqAVpNxt
Hildegaard;Hertzfeld;Hildegaard.Hertzfeld@gmail.com;564789669;281642960;eyfXelXbGsBAHd
Gale;Hylan;Gale.Hylan@gmail.com;595229638;97424147;xCRBSERTqFRlsIe
Lyssa;Land;Lyssa.Land@gmail.com;696799704;920036899;xWzyap
Pollyanna;Lareena;Pollyanna.Lareena@gmail.com;988541361;934962;mbpUdct
Amii;Bergman;Amii.Bergman@gmail.com;504048357;622936256;mXrdEcgoRDNJZU
Dorene;Mallon;Dorene.Mallon@gmail.com;487254396;292294872;QbUbzJIqNGVlvxTVD
Celene;Tryck;Celene.Tryck@gmail.com;81146254;351592139;oyMOpvSHw fQHN
Georgetta;Norrie;Georgetta.Norrie@gmail.com;841771130;36667580;gOYtSvVvj
Clarice;Camden;Clarice.Camden@gmail.com;832972590;183846745;QSShgGFayPzbEDpAZVdz
Rebeca;Georas;Rebeca.Georas@gmail.com;688761990;197108449;TGDuyPfvA wJf
Lexine;Talia;Lexine.Talia@gmail.com;903181249;762017923;gsaPGnuIfSFx
Georgetta;Jillane;Georgetta.Jillane@gmail.com;616784244;986655488;MnUGVMQTZXNdOkWYUw
Belva;Rad;Belva.Rad@gmail.com;403892705;358941251;ofLQHqEWzKN
Gianina;Paton;Gianina.Paton@gmail.com;742369933;905061586;cRFHvpDBxBg
Zia;Cutlerr;Zia.Cutlerr@gmail.com;62027312;905167621;mP NahfwtNlozY
Alexine;Rad;Alexine.Rad@gmail.com;77942604;319190018;ZBjMpxkX
Steffane;Alwin;Steffane.Alwin@gmail.com;30431355;72636813;NJDJBvI
Hollie;Maryanne;Hollie.Maryanne@gmail.com;393675486;782740403;RMfMyulasAYDidpHTotK
Zaria;Rurik;Zaria.Rurik@gmail.com;270814410;80978751;HURPsivFe
Minda;Melleta;Minda.Melleta@gmail.com;332492575;203496984;nGkSKEzzcBtdheWupDT
Jillayne;Sundin;Jillayne.Sundin@gmail.com;834851005;138914998;WmeZZODMYRjJfelqUjP
Adelle;Hathaway;Adelle.Hathaway@gmail.com;435032445;403069361;ZYIrVvIMmgZHH
Elvira;Elbertina;Elvira.Elbertina@gmail.com;303063111;847605326;ENdRJkeu
Mara;Johnsson;Mara.Johnsson@gmail.com;145133795;905969057;XLPNVXKuK
Caritta;Maryanne;Caritta.Maryanne@gmail.com;177274600;704140988;RGrwxcDXYuv
Glynnis;Telfer;Glynnis.Telfer@gmail.com;845611455;712837578;xvLUZxuxxxOLxfup
Orsola;Billye;Orsola.Billye@gmail.com;37852988;856665079;mjGySWiZ
Claresta;Swigart;Claresta.Swigart@gmail.com;239074631;317674614;X QxhQrq
Lesly;Dash;Lesly.Dash@gmail.com;650741756;375579351;wzGKJpdVL
Inga;Belldas;Inga.Belldas@gmail.com;391320210;911699609;DOYpYugrALNZZqCg
Fayre;Felecia;Fayre.Felecia@gmail.com;829649015;770463278;RkKJDnftmPgqPXrAd K
Benita;Pulsifer;Benita.Pulsifer@gmail.com;715011311;143375673;ecPDWRAIEwr 
Ann-Marie;Gamaliel;Ann-Marie.Gamaliel@gmail.com;748273829;538569282;XqjDozutxpI
Sindee;Ahab;Sindee.Ahab@gmail.com;457957023;901645735;PqYDkYJPSyhaJ
Joane;Voletta;Joane.Voletta@gmail.com;301694591;923365493;zOwJJcnzsIdBQpaWf
Ebonee;Sacken;Ebonee.Sacken@gmail.com;315770227;586644603;QWuBAxvyOStUcl
Gwenneth;Connelly;Gwenneth.Connelly@gmail.com;512479247;643245558;JAHFrxlfhsbAbCsZGlx
Mahalia;Gherardo;Mahalia.Gherardo@gmail.com;928621340;528283846;AXlmqfncsgJcUuJvh
Darlleen;Millda;Darlleen.Millda@gmail.com;969012908;372418305;VunRHTSUJXqe
Concettina;Mozelle;Concettina.Mozelle@gmail.com;220882842;493772703;ukigCGIMBeQsYZvssSwv
Marsiella;Korey;Marsiella.Korey@gmail.com;252488944;996794043;w PvIPnuqCh
Veda;Lacombe;Veda.Lacombe@gmail.com;760016440;405378773;awwmFmVaweXaLmk
Malina;Stefa;Malina.Stefa@gmail.com;212016908;283820319;QPjYyyxv PyWwj ZcbDD
Emilia;Grimbly;Emilia.Grimbly@gmail.com;354516031;65147209;XNIrlzO oPVvO
Moyna;Autrey;Moyna.Autrey@gmail.com;757563028;733547514;BqQQsVzfz
Daune;Yorick;Daune.Yorick@gmail.com;81180980;356327606;CVReuVPJXAXbbvAYKkdp
Leeanne;Saint;Leeanne.Saint@gmail.com;306753235;585858075;jsD oeLDrm
Henriette;Bertold;Henriette.Bertold@gmail.com;537184992;284313952;ArgMHOp
Etta;Khorma;Etta.Khorma@gmail.com;66807242;402860542;gBSCEWonrapVhsV
Moyna;Nikaniki;Moyna.Nikaniki@gmail.com;294762595;373834444;YWsaGiej
Jany;Kannry;Jany.Kannry@gmail.com;680493056;102244513;OEqlTeSEPQrWO b
Tarra;Jenness;Tarra.Jenness@gmail.com;294691743;233629650;OyZlQNOVItNjbjEpEdX
Gwenneth;Quinn;Gwenneth.Quinn@gmail.com;152872297;281176527;OUoKcbJjJixRw
Susette;Irmine;Susette.Irmine@gmail.com;640732438;348576327;DxJBoJGwcOGK
Vere;Havens;Vere.Havens@gmail.com;518419766;986435466;UGfZlwMDX VLmcz
Danika;Seagraves;Danika.Seagraves@gmail.com;605393941;151983003;LgJKPQzNtflZuNX
Albertina;Peti;Albertina.Peti@gmail.com;115565993;286439585; thsSfDutmpglE
Jeanna;Raul;Jeanna.Raul@gmail.com;774941859;456417472;QiCmtgHTSLvLVGwuikIe
Carmela;Lauraine;Carmela.Lauraine@gmail.com;717141239;194408344;nLVlqVZlvm
Clarice;Huggins;Clarice.Huggins@gmail.com;543134823;774039011;rIOYAZEnCfj
Fawne;Hillel;Fawne.Hillel@gmail.com;439142913;279984358;CjwSqpgOMXJzhtdPwjQx
Latisha;Cyrie;Latisha.Cyrie@gmail.com;438321112;289359607;prOiLlALyZLBjmPxeHDe
Shandie;Hepsibah;Shandie.Hepsibah@gmail.com;137268870;316039359;rYzNPX
Tani;Jenness;Tani.Jenness@gmail.com;728630270;722745896;JyyGVRzMuqst JwPTzK
Mignon;Yoko;Mignon.Yoko@gmail.com;693555897;195380079;rVjlCgnaSyQ
Emmey;Berne;Emmey.Berne@gmail.com;501479151;817794069;eXCjQQvVYBzjowDH
Heddie;Kaja;Heddie.Kaja@gmail.com;933847109;493072517;BAqZAW
Corly;Charmine;Corly.Charmine@gmail.com;18960203;243512214;YjfarEYqhlABoDnA
Adriana;Danby;Adriana.Danby@gmail.com;409724820;806538982;nQjYQfOfaNwBeIR
Nickie;Bates;Nickie.Bates@gmail.com;609922682;986605139;HOjYaUTPaEacJR
Amara;Read;Amara.Read@gmail.com;844414732;941857345;ZPKrIDLkPgHLHYgO
Oona;Suk;Oona.Suk@gmail.com;502669820;370225431;pKJfh bTrJ
Almeta;Leler;Almeta.Leler@gmail.com;451285642;189723286;JEmPXVvjiNXafT
Oona;Goth;Oona.Goth@gmail.com;294269349;190441563;MPtiekrFj
Catharine;Sikorski;Catharine.Sikorski@gmail.com;431212498;693008421;LHbrVPJQbR
Lyssa;Velick;Lyssa.Velick@gmail.com;198394391;848631468;XmZcgJEGVgpTrsMs
Tarra;Joachim;Tarra.Joachim@gmail.com;635838469;497931124;EAssMSA
Cherilyn;Muriel;Cherilyn.Muriel@gmail.com;685790900;780438623;dnBMyBZKNDjjuPM
Blinni;Torray;Blinni.Torray@gmail.com;888662726;708224807;eIAdQYFkSPaMbaaPSCm
Arabel;Daegal;Arabel.Daegal@gmail.com;831462329;835563089;wVMENfb K
Jere;Kauppi;Jere.Kauppi@gmail.com;90488538;789485752;RCuGmW Pt
Kylynn;Engdahl;Kylynn.Engdahl@gmail.com;201205975;849560872;rwUHFlWIDqXaah
Melanie;Darrell;Melanie.Darrell@gmail.com;548853097;303483930;wiyjSQrsxtX
Cyb;Pandolfi;Cyb.Pandolfi@gmail.com;292001399;98594758;iYsZPOYSArSRZfHT
Vere;Amasa;Vere.Amasa@gmail.com;103866711;482183166;ZEVSHMnlFAFYrDUj
Dania;Crudden;Dania.Crudden@gmail.com;610891176;143142188;zQHtwuqAzNmNgeQ
Carmencita;Parsaye;Carmencita.Parsaye@gmail.com;885369273;42138380;XeMPHQkqNnmXWVdC
Drucie;Thilda;Drucie.Thilda@gmail.com;214211897;411779489;QuLyfGUtsWb
Lelah;Haerr;Lelah.Haerr@gmail.com;360646410;82373424;lBYSCeN
Fanny;Campball;Fanny.Campball@gmail.com;975650450;672869470;pPvJkn
Jordan;Melony;Jordan.Melony@gmail.com;534157788;274698842;cMBrEQh KRCw
Adriana;Tamar;Adriana.Tamar@gmail.com;264320916;928244065;oHjlmp
Vivia;Hanleigh;Vivia.Hanleigh@gmail.com;453350315;478527812;cqKklYxMEQ
Taffy;Cecile;Taffy.Cecile@gmail.com;807945886;398353523;lFbsdeav
Ninnetta;Roscoe;Ninnetta.Roscoe@gmail.com;759528298;514872873;VgUWCCzLzRm
Kelly;Fax;Kelly.Fax@gmail.com;935486920;938893866;bHDcVGos
Annabela;Montgomery;Annabela.Montgomery@gmail.com;485394295;239856740;hoDiLnnDTsq
Dorice;Septima;Dorice.Septima@gmail.com;378097029;655543097;fmzFfydanuCac
Krystle;Ummersen;Krystle.Ummersen@gmail.com;131189281;806158571;FPLbRfBSrOJVmAyQyeu
Clo;Chick;Clo.Chick@gmail.com;228729823;399534089;IFMdHUdIVrjt
Alia;Read;Alia.Read@gmail.com;371205390;160136579;xPwjmJmY
Dorothy;Crudden;Dorothy.Crudden@gmail.com;783489641;886549016;UMxSyu ZQuFQBJxK
Melina;Kaete;Melina.Kaete@gmail.com;94634891;125057720;WPzhQw IxrU Oj
Aigneis;Parette;Aigneis.Parette@gmail.com;363222431;779215985;diKEGS EIOnSBbyG
Netty;Kaja;Netty.Kaja@gmail.com;516453452;104942373;NewLTiDrFYm
Demetris;Faust;Demetris.Faust@gmail.com;822113837;478388310;ibRFRdQhn
Selia;Gombach;Selia.Gombach@gmail.com;34425009;974440582;jvMZGllVYOUD
Amii;Brittani;Amii.Brittani@gmail.com;53272937;584729572;MvPCbXqTqvZlwT
Jany;Noelyn;Jany.Noelyn@gmail.com;548189580;674797256;QUZQMvkrLDHI
Lorie;Knowling;Lorie.Knowling@gmail.com;705173166;676750021;YDxSUhszYfPgeIJgy
Mureil;Wadell;Mureil.Wadell@gmail.com;822075420;546599467;BBqcOP
Beverley;Bonilla;Beverley.Bonilla@gmail.com;732284950;562504585;dMiQzqgMKpUmqyAeFO
Hannis;Fontana;Hannis.Fontana@gmail.com;369627430;117519003;erjVxFSquXag
Frank;Buttaro;Frank.Buttaro@gmail.com;980193222;528546101;bdLgtY
Nonnah;Ezar;Nonnah.Ezar@gmail.com;469333480;828709665;TuZznWNXRl
Tonia;Kolnick;Tonia.Kolnick@gmail.com;808158474;643813100;WLHPqrMgmIqmgqfSFKCc
Janis;Anis;Janis.Anis@gmail.com;889068814;307437993;kskwojxjR TXqof
Marita;Vale;Marita.Vale@gmail.com;218293148;786760868;Jmnppk sa
Farrah;Berriman;Farrah.Berriman@gmail.com;975495098;891482842;vvYAVB
Stacey;Sothena;Stacey.Sothena@gmail.com;880714152;315363904;krkgKxFBtlQiQkW
Merrie;Elephus;Merrie.Elephus@gmail.com;635318189;446912703;kWQFqXG
Molli;Stav;Molli.Stav@gmail.com;217507369;998583685;tngIyCLdyPmQN
Merci;Mullane;Merci.Mullane@gmail.com;727317698;549163284;tFeoUXH
Madeleine;Mauer;Madeleine.Mauer@gmail.com;354413230;855941685;BVkHDjCloHOUcs
Tami;Rurik;Tami.Rurik@gmail.com;918070482;283785522;LpbTnfg p
Winny;Cyrie;Winny.Cyrie@gmail.com;645431433;542507288;kShNnvVKcYjN
Kerrin;Anestassia;Kerrin.Anestassia@gmail.com;881513397;638810242;KdFzXGPEonv
Belinda;Douglass;Belinda.Douglass@gmail.com;100611534;234691158;AgnZWgifgWjYjtPqCe
Sandie;Kathie;Sandie.Kathie@gmail.com;981760495;624551626;ZvWJUZeuyFCm
Mary;Harl;Mary.Harl@gmail.com;195041153;132446228;yPEwCjojS
Caritta;Jobi;Caritta.Jobi@gmail.com;234479397;60048377;gRjpVWdq
Layla;Sammons;Layla.Sammons@gmail.com;58290757;352805098;IGHduZNWwuWYsIHD
Feliza;Grobe;Feliza.Grobe@gmail.com;396558667;13550137;bqNJqkRVttTDHBTXVVvp
Ginnie;Bord;Ginnie.Bord@gmail.com;885055253;989450668;d uEYazVvIeGQM
Mathilda;Ambrosia;Mathilda.Ambrosia@gmail.com;407995653;483265844;nI QpjGXRlwpklpQP
Jan;Federica;Jan.Federica@gmail.com;272505246;252433342;JjCmMXe
Pamella;Braun;Pamella.Braun@gmail.com;767781302;88427425;lyjPglDOEldKB
Trudie;Sigfrid;Trudie.Sigfrid@gmail.com;389370924;640782141;JNLDGoIBMhYM
Dorothy;Lay;Dorothy.Lay@gmail.com;80538127;142728778;pBxofHbRdftHU
Regina;Izaak;Regina.Izaak@gmail.com;493940052;781161127;ZOKuAzXJK
Dania;Wenoa;Dania.Wenoa@gmail.com;241056417;188784176;WMxKqLXLYk
Paola;Bartlett;Paola.Bartlett@gmail.com;85799129;786295457;SWlryDKrBG qRAXJ
Fredericka;Whiffen;Fredericka.Whiffen@gmail.com;170491783;26332047;BIWkGgulQDz
Edyth;Christine;Edyth.Christine@gmail.com;172990986;310359403;UsvqyZKfZAk
Melisent;Radu;Melisent.Radu@gmail.com;331588262;113847457;sKgvkrtkJBCfigP
Yolane;Liva;Yolane.Liva@gmail.com;441767607;890489562;cQVytWBRvwFuLQdl
Benita;Belanger;Benita.Belanger@gmail.com;178217303;118350127;dkWcd SHmXE
Allis;Roche;Allis.Roche@gmail.com;806117762;494673228;FGSImWiNYz 
Odessa;Waldron;Odessa.Waldron@gmail.com;756711678;711458754;mOmkeOcALBEC EOrgMq
Peri;Penelopa;Peri.Penelopa@gmail.com;672173283;385172863;lDLtPIGPTVNhByBSzbm
Almeta;Joli;Almeta.Joli@gmail.com;410582995;220140981;ruRasagqa
Kylynn;Aaberg;Kylynn.Aaberg@gmail.com;53587254;326166240;wCk gKbsdlFc
Nicoli;Chem;Nicoli.Chem@gmail.com;25363089;132820167;OFcojjZzLKSVSrF yMB
Quintina;Deegan;Quintina.Deegan@gmail.com;425136110;112381513;clQfkPmPuK
Dawn;Munn;Dawn.Munn@gmail.com;136403120;396167711;wGnPzmrKbPpRfmpz
Karolina;Keelia;Karolina.Keelia@gmail.com;481065261;287009001;DrzJogvnk
Glenda;Bettine;Glenda.Bettine@gmail.com;847509183;215548551;CuSiOGWWpYBnTypJDuo
Ann-Marie;Hilbert;Ann-Marie.Hilbert@gmail.com;112114204;623285502;ei ZzgTd
Malina;Emerson;Malina.Emerson@gmail.com;724411589;372117612;EJtelOzwfRhKIfdEhlGu
Kate;Even;Kate.Even@gmail.com;202972508;587637433;qVCYvhaVS
Mellicent;Dorothy;Mellicent.Dorothy@gmail.com;662695037;54201039;loJpxMn
Fred;Artie;Fred.Artie@gmail.com;141835143;73651325;RRBdeTdLYP
Fredericka;Jary;Fredericka.Jary@gmail.com;535365854;73939788;EdfUWSkIcK
Daphne;Emmaline;Daphne.Emmaline@gmail.com;169574331;795859524;dAiCQsA sQIFEGCRJ
Aurore;Mullane;Aurore.Mullane@gmail.com;28543230;736286595;nsw pMOLXhG
Nerta;Stilwell;Nerta.Stilwell@gmail.com;880437350;648101750;djkzqKedkWxjxP
Basia;Boehike;Basia.Boehike@gmail.com;421211874;793542491;YNWsPsjyfPUE
Cassondra;Alfons;Cassondra.Alfons@gmail.com;75219561;860416048;RTQqeIfgMyuo
Christian;Engdahl;Christian.Engdahl@gmail.com;700237794;701881514;p qzmTkhJ
Lonnie;Riordan;Lonnie.Riordan@gmail.com;175249335;382866998;uMLzVDwUCwSPvyEiCqY
Catharine;Dominy;Catharine.Dominy@gmail.com;586744026;41014775;tTXTVQTyj
Ronna;Hieronymus;Ronna.Hieronymus@gmail.com;986878188;172383212;SzPgFwEeLqgsJyVvq
Julieta;Carri;Julieta.Carri@gmail.com;41607543;286801735;kCAnLdzwcwYQTmZw
Lory;Afton;Lory.Afton@gmail.com;412264204;643307403;LSwgxRR 
Starla;Meli;Starla.Meli@gmail.com;885386526;409198471;paaZEWthlcLb
Tomasina;Wareing;Tomasina.Wareing@gmail.com;765259101;982571367;TxvnaTlybH
Leontine;Merat;Leontine.Merat@gmail.com;676741779;509748649;hdYnLtAtwE
Elvira;Heisel;Elvira.Heisel@gmail.com;614352926;153526601;TwKEcwYUSwy
Tani;Clie;Tani.Clie@gmail.com;927978655;53107328;oBHNQSKtYWEwsCOcRrvm
Edee;Felecia;Edee.Felecia@gmail.com;400023231;134640794;zQEgFnzfDSYlZ
Shaylyn;Mozelle;Shaylyn.Mozelle@gmail.com;835993549;912472301;dnWlhzZcOBMjTN
Raquela;Fink;Raquela.Fink@gmail.com;218153630;496360780;WkzEQHgjuumcrec
Winny;Kathie;Winny.Kathie@gmail.com;163074554;850721301;RskZLuMT tr
Cherrita;Schenck;Cherrita.Schenck@gmail.com;792874333;269568562;rWnvplftSk H xQX
Joy;Destinee;Joy.Destinee@gmail.com;617328700;194257860;hnMV nvZgZ
Angela;Uund;Angela.Uund@gmail.com;350954608;217082554;fsJXGnhqzdqOfXUETh
Jan;Oster;Jan.Oster@gmail.com;172143341;501260713;iatNAxMbXjtMeNNpETF
Elka;O'Neill;Elka.O'Neill@gmail.com;213357405;288011638;AKQAFeFtKmbTDzj
Ivett;Gladstone;Ivett.Gladstone@gmail.com;625950584;564237536;bVZHvkiLhrKCuyHQPtn
Agnese;Wattenberg;Agnese.Wattenberg@gmail.com;433578315;956227214;DSDUqyssVwJLbiX
Berta;Travax;Berta.Travax@gmail.com;194035082;191355328;GuVYUzNqySjvvuHgTOR
Darlleen;Parette;Darlleen.Parette@gmail.com;465851793;327362749;VmyPJfU
Selia;Eckblad;Selia.Eckblad@gmail.com;742785860;717512533;UBxkvvOFBz
Frieda;Alwin;Frieda.Alwin@gmail.com;497295828;230513538;wamesZZRZ
Jolyn;Ledah;Jolyn.Ledah@gmail.com;64223184;805334466;OwBxP jZZfZUoPpFX Qx
Bernie;Cath;Bernie.Cath@gmail.com;18992931;693507203;cDzuYWoDvBNtjiACW
Goldie;Rona;Goldie.Rona@gmail.com;633453644;55117457;SkHZvaymG
Moyna;Hepsibah;Moyna.Hepsibah@gmail.com;960886401;682611647;sCYznaxYSMIrKtQyf
Feliza;Bury;Feliza.Bury@gmail.com;51833732;456251667;WllxcQKEuos EbaUQ
Roberta;Kronfeld;Roberta.Kronfeld@gmail.com;283445341;417981249;BHHCfqYkFgPJvfCz
Jolyn;Dom;Jolyn.Dom@gmail.com;796090279;162584177;aEARcky
Candy;Fiester;Candy.Fiester@gmail.com;217897390;992542715;HujHkQMgZt
Wendi;Dorcy;Wendi.Dorcy@gmail.com;894481731;490672004;FYxeEuEa
Zsa Zsa;Hamil;Zsa Zsa.Hamil@gmail.com;893855287;187728010;eJLTXEh
Tatiania;Valerio;Tatiania.Valerio@gmail.com;5067472;371968448;CPOZue
Esmeralda;Joachim;Esmeralda.Joachim@gmail.com;718474327;925438323;IRYWvqCvaDgUmkHOQTKM
Maryellen;Noam;Maryellen.Noam@gmail.com;716953903;926399253;ySdxdKKEZlnvzAyTAh
Valeda;Ortrude;Valeda.Ortrude@gmail.com;505624106;27927550;zhzrAaqqYvAsvFGI
Arabel;Riordan;Arabel.Riordan@gmail.com;122287626;676646975;BCKTdn
Odessa;Haldas;Odessa.Haldas@gmail.com;292863010;795545549;xI QtCWiW
Joane;Velick;Joane.Velick@gmail.com;869054827;889158287;dTqmOjfjs
Oralee;Oneida;Oralee.Oneida@gmail.com;747288884;845894843;QNkYcUpwh
Leanna;Adalbert;Leanna.Adalbert@gmail.com;439841298;555544924;tEJhmNU PhMAqcH Q
Shirlee;Yusuk;Shirlee.Yusuk@gmail.com;876669738;431216963;AvVIXlW
Sidoney;Haymes;Sidoney.Haymes@gmail.com;203034539;698768434;Mi euAzjTJuthMsGHif
Mireielle;Lattie;Mireielle.Lattie@gmail.com;340562303;487203531;E SfclepIqajZE
Joeann;Lilas;Joeann.Lilas@gmail.com;199919149;826314463;VhghUlwPHWdoDRE
Addia;Aprile;Addia.Aprile@gmail.com;796163562;76512362;mStGElfYJiwuNFzumaWs
Edith;Stuart;Edith.Stuart@gmail.com;508723244;197634325;h gPXALHt
Quintina;Jillane;Quintina.Jillane@gmail.com;189819640;642966563;thCGTcyZ
Shel;Loleta;Shel.Loleta@gmail.com;480239286;166855024;FjaeBrvhSJCZkMoJ
Kenna;Quent;Kenna.Quent@gmail.com;178202643;191695033;cWMLFAylpplCUeuhpV
Shauna;Imelida;Shauna.Imelida@gmail.com;86182070;506750782;XnJXUfEPyDmTZyAa
Rani;Adamsen;Rani.Adamsen@gmail.com;437337;952445743;D rHgTDtvQSdhgyLDdFB
Fanchon;Guthrie;Fanchon.Guthrie@gmail.com;440729923;418976845;UFBesIuaHHlJcmn
Dorothy;Israeli;Dorothy.Israeli@gmail.com;267851109;576575957;YCSvFFLxE
Doro;Aaberg;Doro.Aaberg@gmail.com;957883299;886790840;ULULIvoFOkA
Hallie;Sabella;Hallie.Sabella@gmail.com;482113568;944907604;TpmBTmTyPEwypDXl
Consuela;Rodmann;Consuela.Rodmann@gmail.com;166831653;565492100;FOUOxZJTYnyrcRxw
Celestyna;Chinua;Celestyna.Chinua@gmail.com;709815389;973250691;aEOXPDafQcJalccfsI
Elora;Vanni;Elora.Vanni@gmail.com;100147677;845335576;ooweLpkGO
Lucy;Quinn;Lucy.Quinn@gmail.com;511255649;745063142;PLkDVVXmFAqGulEo
Jillayne;Bethany;Jillayne.Bethany@gmail.com;766235415;905129636;wIDWkesxnjNHC
Madalyn;Fredi;Madalyn.Fredi@gmail.com;157501776;935269;IARVcTgoQtIXyD
Chandra;Seumas;Chandra.Seumas@gmail.com;347434586;585231456;YbPtyNMXlTJJaYrA
Patricia;Joli;Patricia.Joli@gmail.com;329205282;258466790;PRhdQEXMBSPTcBs
Frank;Read;Frank.Read@gmail.com;463519678;73400005;uvLAhyWdmlrrQlVS
Jessy;Kress;Jessy.Kress@gmail.com;86863416;708536017; RRpR Wnrqr
Suzette;Goldina;Suzette.Goldina@gmail.com;120147749;84952184;hgsxOwvqpqLrsMY
Rosabelle;Honoria;Rosabelle.Honoria@gmail.com;196395350;186427111;YZdWleVyehzeYuzzYgc
Aigneis;Shirberg;Aigneis.Shirberg@gmail.com;836714903;361630499;REszPwFs
Theodora;Ashok;Theodora.Ashok@gmail.com;401766024;795582679;XWtoxoGNrsQ
Leia;Ajay;Leia.Ajay@gmail.com;550906321;48180257;TzkcZDZ
Marylou;Parsaye;Marylou.Parsaye@gmail.com;606609453;238890666;AIsOjZxPkVILIzllr
Edee;Zitvaa;Edee.Zitvaa@gmail.com;91782086;521213582;HiHDfZzHLfgSkuqydo
Georgetta;Fillbert;Georgetta.Fillbert@gmail.com;301448190;2448030; SNYuzDoaijLJ
Addia;Himelman;Addia.Himelman@gmail.com;417795437;809368402;rmUWBTaemCILn
Libbie;Aprile;Libbie.Aprile@gmail.com;283754146;425427887;otvkpmLeCynBcoJKZxw
Adele;Sallyann;Adele.Sallyann@gmail.com;320988697;624126396;qgWhVxncKiTBzPBle
Clementine;Rona;Clementine.Rona@gmail.com;172095804;339464041;mMXkpYIWNacxGD VaMDs
Sybille;Sheedy;Sybille.Sheedy@gmail.com;694698624;354456347;BLhaLxYAX
Wanda;Dahlia;Wanda.Dahlia@gmail.com;769055276;396652855;vyPIbHDOWYudYfBXffn
Selia;Tomasina;Selia.Tomasina@gmail.com;895720919;469326776;xxMbUtrqxoDjoMUGccy
Silvana;Rheingold;Silvana.Rheingold@gmail.com;162087076;804084117;Dykwnbe
Dyann;Millda;Dyann.Millda@gmail.com;989630702;487610000;SBrdQkVNp
Janis;Talia;Janis.Talia@gmail.com;530688621;112021642;ZDgXgnxFnPrqR
Donetta;Izaak;Donetta.Izaak@gmail.com;240768837;679360072; fqIhpSWZPziXCBO
Sybille;Loleta;Sybille.Loleta@gmail.com;984074852;878672841;aWESGXrGlr
Michaelina;Sperling;Michaelina.Sperling@gmail.com;58573927;217397669;McfOci HmtT
Tracey;Uird;Tracey.Uird@gmail.com;581358562;804019756;cOFpyO FoBrfC lmf
Anthia;Schlosser;Anthia.Schlosser@gmail.com;500803438;786018803;BfIYFONuEDE
Wendi;Ludewig;Wendi.Ludewig@gmail.com;37824976;570321690;lMOTyJspyuCNgx
Juliane;Sidonius;Juliane.Sidonius@gmail.com;783300493;108534864;hdgssrljIOXQrRlW
Willetta;Isacco;Willetta.Isacco@gmail.com;368158841;833802836;PADBtMEaCIiRtFNaUV
Phylis;Fadiman;Phylis.Fadiman@gmail.com;78818582;306501369;DWsTuDkisdDlIgoM
Zaria;Sinegold;Zaria.Sinegold@gmail.com;102882202;697387524;tTMzEahtAqJYEjHaT
Ada;Presber;Ada.Presber@gmail.com;768303664;78645026;WaAzEgzH
Ardeen;Sammons;Ardeen.Sammons@gmail.com;127910102;359794410; cQgZiZ
Raf;Nunci;Raf.Nunci@gmail.com;609118559;600698359;XwE RtJ
Charissa;Mendez;Charissa.Mendez@gmail.com;631098583;203213927;TbGquDE
Chrystel;Yate;Chrystel.Yate@gmail.com;560443994;194884539;MpSYjNV
Lolita;Montgomery;Lolita.Montgomery@gmail.com;757583613;353391946;MXQAbLkUF Dfea
Meghann;Selway;Meghann.Selway@gmail.com;332201261;924543520;bGuXmnOeRfbKbcsih
Raquela;Shields;Raquela.Shields@gmail.com;53239861;283821753;CKQfaOer
Gisela;Hunfredo;Gisela.Hunfredo@gmail.com;181094077;321790598;pe LhvnWqAkbAbA
Kayla;Celestine;Kayla.Celestine@gmail.com;920206750;681322522;sSYb pRdK
Giustina;Ethban;Giustina.Ethban@gmail.com;876935233;612845497;HLCXahmBwFTgfMKFiXj
Romona;Slifka;Romona.Slifka@gmail.com;602923481;508513931;nOFeugUW
Carmencita;Liva;Carmencita.Liva@gmail.com;485336435;943172759; xkcIRVY WHAcJ
Harmonia;Annabella;Harmonia.Annabella@gmail.com;482883959;691939618;mDiIcFIR
Tybie;Jobi;Tybie.Jobi@gmail.com;759058992;584892008;NlgNDpSAlrtolINnkbsQ
Berta;Fabiola;Berta.Fabiola@gmail.com;599382713;931850283;RPGlRllwSpMHNkbmNtw
Meg;Kannry;Meg.Kannry@gmail.com;645164241;375752158;GGcVCbqSkqxtBJdJvuLQ
Kittie;Ramona;Kittie.Ramona@gmail.com;326747491;803237890;UDvEFYNoKYdtzcpUO
Eugine;Federica;Eugine.Federica@gmail.com;291721144;991908435;jScTOCnQn
Fawne;Chandler;Fawne.Chandler@gmail.com;982255766;932460777;TDYavBOruBYrXpY
Dominga;Evangelia;Dominga.Evangelia@gmail.com;251987039;184366920;LFymwrjClO
Hannis;Celestine;Hannis.Celestine@gmail.com;184639161;263235098;QESdmmW
Joane;Clywd;Joane.Clywd@gmail.com;201919957;161545794;kjZaGvHkWzZKOReAjO
Rivalee;Ursulette;Rivalee.Ursulette@gmail.com;792863854;813844486;GCKoFZrfPQVbK NAUls
Angela;Stefa;Angela.Stefa@gmail.com;362020233;826113280;xRrgAwCYpuCVIXTf
Desirae;Moseley;Desirae.Moseley@gmail.com;554284505;264320704;WeVEYydQHT
Carlie;Hillel;Carlie.Hillel@gmail.com;53122253;52418564;kEaQOAgCOFliO
Corry;Vivle;Corry.Vivle@gmail.com;243491219;654649675;OVZNSATdKXwMmu
Josephine;Georas;Josephine.Georas@gmail.com;252220417;907995925;kgfuVQNvw
Madelle;Marsden;Madelle.Marsden@gmail.com;916573120;809237652;mzJIuTpBXfnHjAvPkfGZ
Kassey;Ciro;Kassey.Ciro@gmail.com;860099416;530857647;xeoQbW
Nyssa;Adalbert;Nyssa.Adalbert@gmail.com;159348611;509787627;WNnlEbbXk
Sharlene;Norvol;Sharlene.Norvol@gmail.com;730576504;641560118;riVKwWn
Marti;Orelee;Marti.Orelee@gmail.com;239501123;453414325;lkXqQkAcrkQGfZlYcZA
Danika;Dimitris;Danika.Dimitris@gmail.com;121064668;231663812; kkQ hiAKZ
Anallese;Redmond;Anallese.Redmond@gmail.com;21196230;924122263;gdUjXcU aArggB
Adriana;Nerita;Adriana.Nerita@gmail.com;218753764;869608879;hPQvrzvRUXS
Elyssa;Israeli;Elyssa.Israeli@gmail.com;174684242;613127398;IwCMBfX
Ana;Engdahl;Ana.Engdahl@gmail.com;210707672;49886903;VTTGWy
Tabbatha;Anyah;Tabbatha.Anyah@gmail.com;622753607;950493153;oOfwh da G mJQarlucm
Jessamyn;Alisia;Jessamyn.Alisia@gmail.com;47066047;342348148;HdiQQc
Catharine;Even;Catharine.Even@gmail.com;883496708;955115605;YpXMqOHnecVZYzKb
Lulita;Ader;Lulita.Ader@gmail.com;567685357;814357333;wEXwLewLIAVgb
Chere;Tound;Chere.Tound@gmail.com;278851787;373112021;Cd fPKwzjBFRxrZSanZ
Joceline;Maryanne;Joceline.Maryanne@gmail.com;762180141;588879616;qNMlJLyBpiZMXU
Deirdre;Vernier;Deirdre.Vernier@gmail.com;341973321;902129692;qwdwxClY
Marinna;Ietta;Marinna.Ietta@gmail.com;414238114;459754490;kRtbc 
Tracey;Chauncey;Tracey.Chauncey@gmail.com;572542863;912877831;IcjnXnJDeahvgg
Brana;Colleen;Brana.Colleen@gmail.com;606571068;742432761;qMWRVEUoQtjZNf
Dode;Daniele;Dode.Daniele@gmail.com;214685060;397817804;tkcqFJZXvrkueuriDZ
Bettine;Genna;Bettine.Genna@gmail.com;220071174;100535918;LvxFwbvtyc MfCayaOcc
Rhea;Firmin;Rhea.Firmin@gmail.com;504540123;557808127;hPHDoMEdvsuKvuITJyis
Lisette;Halsey;Lisette.Halsey@gmail.com;825664757;503384439;dPkYdKnGOzjvjJVyqqzu
Max;Firmin;Max.Firmin@gmail.com;422977760;692453308;XRjILWUBAUeonBV VNTg
Sherrie;Lenny;Sherrie.Lenny@gmail.com;728123078;991899429;JcrWOrdTklzswifd
Charlena;O'Rourke;Charlena.O'Rourke@gmail.com;681391784;117493188;eAxixDJ
Rozele;Weitman;Rozele.Weitman@gmail.com;237872278;990010698;gErCQK
Andree;Jarib;Andree.Jarib@gmail.com;62757479;516444456;lGvXahhh 
Joelly;Tamar;Joelly.Tamar@gmail.com;397917314;12435125;HkxtsqAVoHyHCmnHjZEH
Dorothy;Hepsibah;Dorothy.Hepsibah@gmail.com;876430483;380042156;pTHyvkYcHxrQph
Di;Robertson;Di.Robertson@gmail.com;964793661;539169988;PtQaJOimrLq
Tilly;Blase;Tilly.Blase@gmail.com;712474465;909959688;nKgLmUNWZR
Christy;Halla;Christy.Halla@gmail.com;931552053;136080280;DLErrkXLpr
Gretal;Ball;Gretal.Ball@gmail.com;752369068;848883019;C RvaJcwMuVzadorb
Carol-Jean;Hanleigh;Carol-Jean.Hanleigh@gmail.com;406291070;264062294;VIzoOtsop TAKnhigF
Fredericka;Etom;Fredericka.Etom@gmail.com;948656242;415345695;HhwmuciqXSBGedqRasRt
Anica;Sadowski;Anica.Sadowski@gmail.com;717222448;157861094;omKEKdpG
Halette;Gino;Halette.Gino@gmail.com;828950087;281343293;zQBFoqBenHdy
Marika;Zina;Marika.Zina@gmail.com;141779211;765411197;IvKODZfAklZkqRRJfP
Sybille;Mott;Sybille.Mott@gmail.com;60679001;946651343;yiUgfH
Carmencita;Dyche;Carmencita.Dyche@gmail.com;778570955;155808694;ClTRexQDWf
Tressa;Sophronia;Tressa.Sophronia@gmail.com;399629205;591299249;ghRBJQOXMuD
Hildegaard;Kaja;Hildegaard.Kaja@gmail.com;914879889;861455202;QzYcDBgKkpokqRcR
Rosanne;Yerkovich;Rosanne.Yerkovich@gmail.com;55647774;936838067;MAFSceY
Karina;Trace;Karina.Trace@gmail.com;564763285;189254400;nZSjDHgYUDXtuCGYz
Raquela;Klotz;Raquela.Klotz@gmail.com;277478049;250263472;FdBbdNUZtv
Giustina;Azeria;Giustina.Azeria@gmail.com;141704262;356207475;VUJcQdpEr
Nariko;Aloise;Nariko.Aloise@gmail.com;757694835;604176681;MxIghrnJwDstUXkFNTG
Tierney;Peonir;Tierney.Peonir@gmail.com;362586461;140329387;WgnSsguy
Leia;Cimbura;Leia.Cimbura@gmail.com;836026788;616424560;Ts TAv MaFDMQVANBIT
Philis;Cleavland;Philis.Cleavland@gmail.com;140474819;632600733;ceSuoyFJG
Dorothy;Kellby;Dorothy.Kellby@gmail.com;215285547;916293049;MwZQgBkyMqIJ
Ofilia;Clarissa;Ofilia.Clarissa@gmail.com;337312876;814607869;Llq JBemRjKpVN 
Wanda;Baptlsta;Wanda.Baptlsta@gmail.com;729390858;898594252;ZTMlLTjw to
Bibby;Ariella;Bibby.Ariella@gmail.com;117413997;413446636;KlyNMBVWpRiRtfT
Edith;Chabot;Edith.Chabot@gmail.com;793451533;151606075; CFcdy
Wanda;Tannie;Wanda.Tannie@gmail.com;432510040;216975799;saEfEFfWU akoOZfcEfZ
Tatiania;Ochs;Tatiania.Ochs@gmail.com;207087580;150177315;qRuQndN
Feliza;Even;Feliza.Even@gmail.com;198462796;779393185;A BSkXpNrodVuERXxKhx
Susan;Land;Susan.Land@gmail.com;408049693;394228093;eTANCrYSQUcEZasBla
Tamqrah;Jacinda;Tamqrah.Jacinda@gmail.com;317047806;963455125;xITyAmVInJEmBtC Bx
Sharlene;Elo;Sharlene.Elo@gmail.com;938798007;852358082;uDPduqqmfykkHycz
Gerrie;Klemperer;Gerrie.Klemperer@gmail.com;428218745;878810335;yXfpUkvepWhWcHSGhLhI
Blondelle;Montgomery;Blondelle.Montgomery@gmail.com;29460828;196750323;kzzEoki Y
Hettie;Alfons;Hettie.Alfons@gmail.com;335810790;180478956;hEBUXIeAYzF
Adelle;Manolo;Adelle.Manolo@gmail.com;238490005;312042523;rLQJaC
Gloria;Karl;Gloria.Karl@gmail.com;753477428;924660853;FYpGpWYDTDoaeqEK
Antonietta;Lutero;Antonietta.Lutero@gmail.com;391477325;168684922;txuTWWjqFkqfWn
Ayn;Fry;Ayn.Fry@gmail.com;293794891;156214628;QfJepNPcr
Dari;Ferino;Dari.Ferino@gmail.com;751283226;723098886;xmLhIZoLiBB
Harmonia;Gilbertson;Harmonia.Gilbertson@gmail.com;284608787;756993983;qNKSsMlruPuC
Stevana;Hubert;Stevana.Hubert@gmail.com;711881003;583006267;IWzJsJr aMDwQKtFUE
Ekaterina;Rustice;Ekaterina.Rustice@gmail.com;629176979;480732311;oVTmUWnagFLOg 
Giustina;Adrienne;Giustina.Adrienne@gmail.com;192132730;211821403;WifPWrOdXklE OMb
Tiffie;Brieta;Tiffie.Brieta@gmail.com;174605991;615372990;LdscJNKDhCrKWVAU
Coral;Gillan;Coral.Gillan@gmail.com;56454138;609183641;VmRymhUDyLFvt
Cathyleen;Faro;Cathyleen.Faro@gmail.com;811397670;189934243;otzIAmooqkW
Genovera;Keelia;Genovera.Keelia@gmail.com;310647964;168836612;YhIOrNDuAObVrL
Rozele;Magdalen;Rozele.Magdalen@gmail.com;346413000;571287990;mbRI llQWUxPGvDOuYjA
Estell;Read;Estell.Read@gmail.com;235526132;969846574;heTsZ OzDZnstf
Georgetta;Monk;Georgetta.Monk@gmail.com;920472287;50592503;PjZGbrJwfQ
Nyssa;Hepsibah;Nyssa.Hepsibah@gmail.com;663729915;690078469;z icUVJvqEkrR
Rayna;Gilbertson;Rayna.Gilbertson@gmail.com;935660564;859170927;giQcxaNMLOmTOKvkZpex
Debee;Ellord;Debee.Ellord@gmail.com;684864050;297136923;IoxHPKTTUfKu
Marjie;Loleta;Marjie.Loleta@gmail.com;91451998;212436271;nNpKjCdSGQFhkHYHz
Beatriz;Jenness;Beatriz.Jenness@gmail.com;558683087;676772724;sadcSRSBnUxNh
Larine;Roumell;Larine.Roumell@gmail.com;271332220;579259749;EEbubV
Hildegaard;Ahab;Hildegaard.Ahab@gmail.com;684143697;136997392;vzWjPtbhlLjhIW
Sarette;Euridice;Sarette.Euridice@gmail.com;451185434;96796728;zcLAOkpCtqXiJ jNmXn
Stevana;Pyle;Stevana.Pyle@gmail.com;96170037;220496165;udHPkejHKZdMnylsjd
Riannon;Kenney;Riannon.Kenney@gmail.com;261605955;921421837;iJVdrtctVmaZBIGWGL
Leona;Alcott;Leona.Alcott@gmail.com;528536161;702274329;sOIGiyD
Rozele;Creamer;Rozele.Creamer@gmail.com;629839993;216856950;nbjfQzumcxT
Gusty;Amadas;Gusty.Amadas@gmail.com;494444823;515951468;hJoYnWbycY
Constance;Shaver;Constance.Shaver@gmail.com;181370162;817375074;UpcVJoLOhbSibdPFk
Rivalee;Cynar;Rivalee.Cynar@gmail.com;82371332;861335668;kTOyZEghqbZXyVlYvQOZ
Minne;Byrne;Minne.Byrne@gmail.com;178182552;606204804;lOaOtocCQvpbxdF
Alie;Tamar;Alie.Tamar@gmail.com;20431117;678645467;KAeFWoyiaPYbgoyinf
Dulce;Fairweather;Dulce.Fairweather@gmail.com;950741799;295550751;jPCDXbkN
Marnia;Sekofski;Marnia.Sekofski@gmail.com;474616240;899962391;TNSzXK
Aurore;Joseph;Aurore.Joseph@gmail.com;76629033;383972007;kcKkGXfORUwPA
Carree;Hunfredo;Carree.Hunfredo@gmail.com;899446683;606218142;qKinRpZ
Rhea;Pitt;Rhea.Pitt@gmail.com;423462579;687641458;wHywPSVznsDyfPlTk
Randa;Wittie;Randa.Wittie@gmail.com;824218155;934884129;tfPkQdRAqNZOF
Averyl;Jorgan;Averyl.Jorgan@gmail.com;77911801;566033592;FDIzoLS
Cathie;Valerio;Cathie.Valerio@gmail.com;657086168;98955409;YWCIS 
Brietta;Bouchard;Brietta.Bouchard@gmail.com;284958;133178038;FbtYbsV
Ira;Uird;Ira.Uird@gmail.com;389995184;107188735;oCGAHUIgPIxLwihTZ
Helsa;Tremayne;Helsa.Tremayne@gmail.com;128840845;769974972;augihXyzllT
Neila;Dorothy;Neila.Dorothy@gmail.com;583143816;150092258;IhyBNPEJDWcwkXXJ
Jackie;Clywd;Jackie.Clywd@gmail.com;874299000;846561635;yJTossUJSiIKM
Romona;Publia;Romona.Publia@gmail.com;602876589;883501396;fWgLQWtrAkwtnMByxLpg
Margette;Mullane;Margette.Mullane@gmail.com;782281309;489024979;pHKLCSByPdUBOmAT bln
Ivett;Baylor;Ivett.Baylor@gmail.com;714868624;83757145;bWsevJMzeiqkdvqYUY
Merle;Hieronymus;Merle.Hieronymus@gmail.com;952926992;138334245;xkoDvdcbBzRhSpG pRKm
Chickie;Elsinore;Chickie.Elsinore@gmail.com;235945140;656439186;uAWtVXkaAkZiZYcDcRA
Nessie;Barney;Nessie.Barney@gmail.com;98865185;979670454;JuArnNGNthh G A
Leontine;Alarise;Leontine.Alarise@gmail.com;324091224;132578241;egOsKMikEDOpMyOeowH
Ardenia;Anderea;Ardenia.Anderea@gmail.com;252621802;750558605;fqUICJNiAakCejW
Miquela;Arne;Miquela.Arne@gmail.com;914584953;788700987;AZgkFKVlrFlHSjqfN
Orsola;Minetta;Orsola.Minetta@gmail.com;465645364;934088653;pRtNwc
Sophia;Birdella;Sophia.Birdella@gmail.com;775668697;410957941;hqIpCZ
Therine;Creamer;Therine.Creamer@gmail.com;882695932;61157935;sfRjK vWQdgsSNlW
Di;Carri;Di.Carri@gmail.com;424055678;194077369;UcJitlIsXpxFhmHfAvAX
Joane;Franza;Joane.Franza@gmail.com;757680349;20493178;AUbvIXaE
Maud;Timon;Maud.Timon@gmail.com;309355928;671748894; CBZeEzKvxJ
Jinny;Nedrud;Jinny.Nedrud@gmail.com;299728513;967211036;uxaBlLgAbgVsia
Madalyn;Trinetta;Madalyn.Trinetta@gmail.com;627734834;324866836;StHFsIVRm lKR
Caryl;Halla;Caryl.Halla@gmail.com;930653910;98342413;mXjFDrgL JotRCieAOv
Frank;Bach;Frank.Bach@gmail.com;412766691;924279082;RnuRvjwLLvBcPCygQjm
Jean;Luhe;Jean.Luhe@gmail.com;915705722;346213650;DRNblEl
Donetta;Elvyn;Donetta.Elvyn@gmail.com;44857925;640171721;jglRqIq xNM xPTGkm
Ardeen;Armanda;Ardeen.Armanda@gmail.com;659889846;715976268;ZNKrDZyYukz
Eadie;Sekofski;Eadie.Sekofski@gmail.com;877848689;854754110;hbIOkyoaYFfSgqQE
Janey;Kesley;Janey.Kesley@gmail.com;644408378;406988229;AWdjhjAOyaNu
Cecile;Leffen;Cecile.Leffen@gmail.com;741157513;782863789;TrDdzQXgGbhHxXprx
Deane;Aurelio;Deane.Aurelio@gmail.com;102721611;780365426;aGJjJMkdu vzk
Romona;Jehu;Romona.Jehu@gmail.com;87291280;762141286;P fCwjNVFrkYJeKcwuj
Roberta;Loeb;Roberta.Loeb@gmail.com;269466478;27779297;LlKopUTqoYXjim
Stevana;Anderea;Stevana.Anderea@gmail.com;643664240;209495919;ubz ADu
Lanna;Cyrie;Lanna.Cyrie@gmail.com;977292764;341674367;lwPkmnSBCnOuckPfbk
Carmencita;Hoenack;Carmencita.Hoenack@gmail.com;695440133;432630805;arCEftOqjMMrpAhdeM
Ida;Dosia;Ida.Dosia@gmail.com;106191013;930140411;ZIadjTirVaSdtHqf
Teddie;Manolo;Teddie.Manolo@gmail.com;818953846;940900252;VyaUmtFuGcyoF MYRy
Clarice;Hamil;Clarice.Hamil@gmail.com;463548394;321445805;AectWBBCHAW
Lorie;Corilla;Lorie.Corilla@gmail.com;9685610;786655311;LfCHyNSwa
Gusty;Peti;Gusty.Peti@gmail.com;269978911;136825667;edmkKhDySgGWjRm
Lisette;Septima;Lisette.Septima@gmail.com;750024731;995437519;JfHLTdlPXHdU
Paule;Curren;Paule.Curren@gmail.com;18626474;761792304;OYBlGwwFA
Anica;Fiester;Anica.Fiester@gmail.com;47110624;800056232;aCdvlZWohdaw
Elka;Thunell;Elka.Thunell@gmail.com;852183386;93912618;ymVfEMD
Bernie;Burkle;Bernie.Burkle@gmail.com;512032022;583672678;GTfW wnoVIOIrpY
Yvonne;Barbey;Yvonne.Barbey@gmail.com;52409100;970014544;cqx LzzKITipOx
Larine;Stefa;Larine.Stefa@gmail.com;528696088;539752223;wpMbRXbdJUTdKLHQkqbp
Nariko;Swanhildas;Nariko.Swanhildas@gmail.com;276245683;512537159;cVDUYlwNOYDt
Jessy;Nelsen;Jessy.Nelsen@gmail.com;764751915;90190446;kPLqhzddHEsZNq
Felice;Kellby;Felice.Kellby@gmail.com;269171105;86314114;uKrcGe
Marline;Sholley;Marline.Sholley@gmail.com;680259524;123524932;iXmEnnTkwpiCxtpo
Tressa;Lilybelle;Tressa.Lilybelle@gmail.com;678671464;55668433;hQVEPnba
Cyndie;Alva;Cyndie.Alva@gmail.com;453343508;717437206;PWTupVIrahfakkp
Consuela;Ade;Consuela.Ade@gmail.com;560142496;234858377;csITovosmBU
Shandie;Kravits;Shandie.Kravits@gmail.com;17533185;141472487;JjLaEoCCAhvoG
Genovera;Abernon;Genovera.Abernon@gmail.com;161553615;28007332;kbEsXOMHqdstHOYcV K
Anallese;Kalinda;Anallese.Kalinda@gmail.com;579236017;77458566;PZvtcwFhQQwQ
Lucille;Anton;Lucille.Anton@gmail.com;147219349;678917739;tErLcsFBzefJAG
Maye;Pitt;Maye.Pitt@gmail.com;925483586;761004615;KFOMdkwVuVF
Sadie;Abernon;Sadie.Abernon@gmail.com;518920516;604485113;ITeBZRo
Elka;Lewes;Elka.Lewes@gmail.com;420821402;613173364;RtcKCaAlXUjQkeTd
Jacquetta;Strephon;Jacquetta.Strephon@gmail.com;673171052;707222194;HuQhLfVKNOluQQTN
Berget;Monk;Berget.Monk@gmail.com;22254141;600761082;jniTgQkZdEV
Fayre;Xerxes;Fayre.Xerxes@gmail.com;810847445;944582390;JrOWXqWNZRkGOjT oR
Olivette;Havens;Olivette.Havens@gmail.com;725957235;354807179;qpv JZJdxYUNHVZ
Carol-Jean;Barrus;Carol-Jean.Barrus@gmail.com;51133380;534878430;vnGdcZkE imxyKuGKWnb
Lila;Lane;Lila.Lane@gmail.com;65889052;119959605;xWksprNMI CzLOMXH
Lory;Mott;Lory.Mott@gmail.com;632197039;639652983;pQthGaUjzK
Britni;Mata;Britni.Mata@gmail.com;839379702;514814001;igiFcn ZEeVsLNoGs
Ezmeralda;Delacourt;Ezmeralda.Delacourt@gmail.com;992728803;942490447;mpnXoIkKlvoKV
Danika;Terrence;Danika.Terrence@gmail.com;173816550;36732707;pwyhXrlZxVyXzrvFMslr
Alameda;Ophelia;Alameda.Ophelia@gmail.com;250990382;765561535;nTttzDbMzDakeDFiL
Lacie;Uird;Lacie.Uird@gmail.com;210393989;997592852;EIkuFRcieTfx
Aurore;Khorma;Aurore.Khorma@gmail.com;348890295;787396135;sisIflbCttZAjsI
Fred;Aurelio;Fred.Aurelio@gmail.com;915864570;194080784;sYQYjYg
Alleen;Danby;Alleen.Danby@gmail.com;181381996;737697659;KYERmZTctESzQPfjVHw
Ashlee;Tjon;Ashlee.Tjon@gmail.com;76057682;992626102;VcXQtRxgZD
Rivalee;Thornburg;Rivalee.Thornburg@gmail.com;422147706;197662484;EcdZJbNkiJanWqu
Marcelline;Aprile;Marcelline.Aprile@gmail.com;726745293;541363429; CqiAZ
Hollie;Lewes;Hollie.Lewes@gmail.com;668134589;919620246;XkIZQvIqjwffZjf
Gusella;Denis;Gusella.Denis@gmail.com;151193444;494250263;hUkBmOGCxyXySLmwxZF
Queenie;Billye;Queenie.Billye@gmail.com;342509029;230113657;bZrzokvtOgGeK wuuhmW
Heida;Urias;Heida.Urias@gmail.com;572195869;266205119; LPL NJqfoCsgOwT
Feliza;Yusuk;Feliza.Yusuk@gmail.com;102172995;72176602;sxXMMhRl
Phedra;Wadell;Phedra.Wadell@gmail.com;693284535;530451326;ObiqbQIqOEICpXBW
Krystle;Elsinore;Krystle.Elsinore@gmail.com;327384017;360639573;fwNKYvlsRxlnOWeckaAE
Edee;Talia;Edee.Talia@gmail.com;143050385;2773822;cQiTaqEEMRSv
Elie;Saint;Elie.Saint@gmail.com;960731878;445320442;mOgXpjVLOBTRIOBpccPU
Lita;Lia;Lita.Lia@gmail.com;429657162;475307756;wvGLEmog dYNNahj
Kary;Maryanne;Kary.Maryanne@gmail.com;622490628;386342124;quWACz
Shirlee;Mitzi;Shirlee.Mitzi@gmail.com;786158329;825793179;Z agPKeWZGB
Rozele;Saint;Rozele.Saint@gmail.com;827482481;177047645;mEWYbtyqwRuJXjrwWu
Kial;Orlene;Kial.Orlene@gmail.com;903681621;6964647;QZh euOaEVoJeUSY
Charissa;Shuler;Charissa.Shuler@gmail.com;572638536;995384396;gAselNAlvZCQY h
Concettina;Pelagias;Concettina.Pelagias@gmail.com;643929217;975115609;vPjzOw
Jennica;Skell;Jennica.Skell@gmail.com;898912706;10913486;yeigviDBz gcNI
Quintina;Raimondo;Quintina.Raimondo@gmail.com;34792732;203675023;THkQdmciuozqXFa 
Melina;Urania;Melina.Urania@gmail.com;160930754;108723067;oRflCiLhbsjztrtYJD
Vivia;Bendick;Vivia.Bendick@gmail.com;166346854;687786503;hqFPYCRyGjaxbl
Ermengarde;Allare;Ermengarde.Allare@gmail.com;864463960;111305689;TMntlJJIcWHtzl
Wanda;Brian;Wanda.Brian@gmail.com;382417658;121814135;zFJRLcdfNDwNgvw
Marcy;Lorain;Marcy.Lorain@gmail.com;353554050;372269773;ICNNZpuZmIrPsCI
Harmonia;Adrienne;Harmonia.Adrienne@gmail.com;847466297;655892325;oDVmlWjSXlzsCgL
Damaris;Abbot;Damaris.Abbot@gmail.com;840954136;396747317;oGzWjBV
Alleen;Wittie;Alleen.Wittie@gmail.com;599092739;243016025;lchhaSCvnwtNJeTi
Althea;Newell;Althea.Newell@gmail.com;541695040;671697886;qDyrZmIjnPudMsXWHr
Jerry;Lesley;Jerry.Lesley@gmail.com;981541197;123689706;bBVaHUc
Kathi;Tamar;Kathi.Tamar@gmail.com;789728249;389307028;ncAU ZTiIMa
Shandie;Holbrook;Shandie.Holbrook@gmail.com;754391309;579306295;yGZDNkTkQBQHlRXL
Olwen;Means;Olwen.Means@gmail.com;47436923;997823917;haY JksXlx elDgaF
Chickie;Mendez;Chickie.Mendez@gmail.com;395944393;423180701;orgBMQTFrgtQya
Rori;Harned;Rori.Harned@gmail.com;957790001;638635935;JoEdLc
Kial;Holbrook;Kial.Holbrook@gmail.com;183028760;611757656;dhkVYhrm
Vanessa;Artie;Vanessa.Artie@gmail.com;22428521;506779625;ftzYGvumQNkAwudehK
Gretal;Leler;Gretal.Leler@gmail.com;502060940;756507520;SVWBxRyOlFfZilTOkR
Eadie;Mata;Eadie.Mata@gmail.com;440785575;947964436;IIHSxCeoJXVsXYNxm
Rosene;Bates;Rosene.Bates@gmail.com;794595789;959479953;rliVccSR
Lorenza;Vins;Lorenza.Vins@gmail.com;834124483;613901613;KOtimJbCoBAHQR
Molli;Baudin;Molli.Baudin@gmail.com;832754268;302984908;LarNAZ
Misha;Ethban;Misha.Ethban@gmail.com;672110214;910501540;UosdLvb
Sarette;Isacco;Sarette.Isacco@gmail.com;821842592;626345301;HWmFKVQyzPmu
Tori;Capello;Tori.Capello@gmail.com;611871034;379542008;BTCpvxDlTSJovkZXVua
Zsa Zsa;Kendrick;Zsa Zsa.Kendrick@gmail.com;495502189;734402908;RFPfMJAGtrgIRuMMsZG
Blondelle;Amasa;Blondelle.Amasa@gmail.com;206941387;374735039;qNeKXtRmu
Wynne;Ephrem;Wynne.Ephrem@gmail.com;430381066;880550668;vXOOUP
Cacilie;Michella;Cacilie.Michella@gmail.com;910165404;823780542;ghBxrpQeEDXozEtcD
Darlleen;Gualtiero;Darlleen.Gualtiero@gmail.com;817614095;589247435;gFUfSXMRllyMMiPCr
Hannis;Bendick;Hannis.Bendick@gmail.com;832063890;681128661;hScNNfcJABAKQ
Marcy;Fontana;Marcy.Fontana@gmail.com;347349759;965926964;ewMwuBNLZmKcduovQ
Laure;Elephus;Laure.Elephus@gmail.com;954414856;737812980;MEnwuKHTHCdb
Mathilda;Luhe;Mathilda.Luhe@gmail.com;779735641;688425225;AaCWRKppA Iup
Desirae;Joli;Desirae.Joli@gmail.com;872764211;561202367;goSSmxAu
Ardenia;Oriana;Ardenia.Oriana@gmail.com;179009728;397457030;nTzxxB
Katharina;Tillford;Katharina.Tillford@gmail.com;26242611;10021989;fuZfNF
Abbie;Isacco;Abbie.Isacco@gmail.com;376196905;365510574;oIwQPqcUlEbNEyzRa
Fernande;Ashok;Fernande.Ashok@gmail.com;826015453;968701740;xSwTrE z NDepcQ
Fina;Kesley;Fina.Kesley@gmail.com;313735478;727371222;nuiYIiclmkgERyYuhclr
Jany;Nerita;Jany.Nerita@gmail.com;475162220;927787985;DZYRlY
Rori;McAdams;Rori.McAdams@gmail.com;451152213;501184290;yriwTRYVGkqn
Zondra;Whiffen;Zondra.Whiffen@gmail.com;56710578;211753408;LNdU xKbDCvfQHt
Valera;Malina;Valera.Malina@gmail.com;513674732;250271306;oeeQEx
Orelia;Carmena;Orelia.Carmena@gmail.com;620762682;834632276;yQxDEHknELYHqoSVDCU
Sissy;Anyah;Sissy.Anyah@gmail.com;918534121;743324138;WYekttHjxt
Lynde;Bakerman;Lynde.Bakerman@gmail.com;533354272;801388384;VClcqKgeYoKdiKq
Consuela;Chinua;Consuela.Chinua@gmail.com;814986160;922993185;PDZDXeIAwcXPoqRXoQdo
Marnia;Roscoe;Marnia.Roscoe@gmail.com;3282348;23951345;AFTbMbgBS
Regina;Breed;Regina.Breed@gmail.com;176110238;877409729;GHHenqF
Ingrid;Giule;Ingrid.Giule@gmail.com;832188349;938359945;iJRyxGCwcDr
Darlleen;Baylor;Darlleen.Baylor@gmail.com;287393256;793696205;rMtvur
Briney;Raffo;Briney.Raffo@gmail.com;697290343;22218050;YnM ov
Mary;Cavan;Mary.Cavan@gmail.com;6582573;845042512;eusjLwSoAiyvk
Codie;Quinn;Codie.Quinn@gmail.com;374665218;340526648;tHSAJeYuNMVJLgvIV Kg
Bill;Izaak;Bill.Izaak@gmail.com;771686581;777186417;OjHYwuBtUPuuNVc
Cristine;Phi;Cristine.Phi@gmail.com;524622289;166827633;sCSXcDMjTmkpmPzB
Pollyanna;Kenwood;Pollyanna.Kenwood@gmail.com;272469878;310086643;RoVFNKblNjEFn
Almeta;Germann;Almeta.Germann@gmail.com;863435717;470310702;aSSQFWtHrxd